Ticker,Full Name,Sector,Sub-Industry,Founding Year (YF),Founded (Wiki),Date Added,Market Cap,Pricing Power (Uptrend),Uptrend Slope,Trend Residual Std,Trend R^2,Gross Margins (newest→older),Years Used (labels)
MCK,McKesson Corporation,Health Care,Health Care Distributors,,1833,1999-01-13,97766129664,10.328353220387294,0.004104448197085417,0.0003963961879018219,0.9925935377863423,"[0.0371061492657032, 0.041521147366410854, 0.0446603134678419, 0.049741254555510934]","['2025-03-31 00:00:00', '2024-03-31 00:00:00', '2023-03-31 00:00:00', '2022-03-31 00:00:00']"
CVS,CVS Health,Health Care,Health Care Services,,1996,1957-03-04,104662286336,8.35894376129323,0.01385299556633011,0.0016562662721428436,0.9886935925451357,"[0.13787489035940656, 0.15213709136442913, 0.1690157442466981, 0.17842532461975072]","['2024-12-31 00:00:00', '2023-12-31 00:00:00', '2022-12-31 00:00:00', '2021-12-31 00:00:00']"
F,Ford Motor Company,Consumer Discretionary,Automobile Manufacturers,,1903,1957-03-04,47439933440,6.844902906872776,0.01271116078985731,0.0018560257259740514,0.9832296353643332,"[0.08381984085798305, 0.09171864624186253, 0.10859373517148876, 0.12056534718096537]","['2024-12-31 00:00:00', '2023-12-31 00:00:00', '2022-12-31 00:00:00', '2021-12-31 00:00:00']"
DG,Dollar General,Consumer Staples,Consumer Staples Merchandise Retail,,1939,2012-12-03,23274010624,5.5992665469804574,0.006966671353232909,0.001243211414973602,0.975157009965376,"[0.29590775781568485, 0.3028828291943093, 0.31233031547769113, 0.315980833565334]","['2025-01-31 00:00:00', '2024-01-31 00:00:00', '2023-01-31 00:00:00', '2022-01-31 00:00:00']"
INCY,Incyte,Health Care,Biotechnology,,1991,2017-02-28,17100332032,5.269907877406513,0.007709822740175716,0.0014619900407234372,0.9720376845166858,"[0.9264126310915004, 0.9309999407411256, 0.9390214264567472, 0.949438211653546]","['2024-12-31 00:00:00', '2023-12-31 00:00:00', '2022-12-31 00:00:00', '2021-12-31 00:00:00']"
DXCM,Dexcom,Health Care,Health Care Equipment,,1999,2020-05-12,26117539840,5.215255041641249,0.026059518284578517,0.00499578694071643,0.9714385424049783,"[0.6045623605256633, 0.6318913397565082, 0.647157880266685, 0.6863385746375332]","['2024-12-31 00:00:00', '2023-12-31 00:00:00', '2022-12-31 00:00:00', '2021-12-31 00:00:00']"
HAS,Hasbro,Consumer Discretionary,Leisure Products,,1923,1984-09-30,10490796032,4.723801515616174,0.015414760285198604,0.0032622108343756053,0.9654098678437651,"[0.6808850199492201, 0.6886654807826834, 0.7059777690508307, 0.7264967914771665]","['2024-12-31 00:00:00', '2023-12-31 00:00:00', '2022-12-31 00:00:00', '2021-12-31 00:00:00']"
STLD,Steel Dynamics,Materials,Steel,,1993,2022-12-22,21013454848,4.472957820605591,0.042384648879695806,0.009474754205515263,0.9615598534523541,"[0.18534177404265242, 0.2367419095268204, 0.29083427197994105, 0.3085931494905983]","['2024-12-31 00:00:00', '2023-12-31 00:00:00', '2022-12-31 00:00:00', '2021-12-31 00:00:00']"
EBAY,eBay Inc.,Consumer Discretionary,Broadline Retail,,1995,2002-07-22,42048569344,4.164578832700555,0.014400737253877102,0.0034569096308134538,0.955931976137784,"[0.7494894486044928, 0.7576147151898734, 0.771107708014293, 0.7929942418426104]","['2024-12-31 00:00:00', '2023-12-31 00:00:00', '2022-12-31 00:00:00', '2021-12-31 00:00:00']"
WST,West Pharmaceutical Services,Health Care,Health Care Supplies,,1923,2020-05-22,19458123776,3.796496222622496,0.02211333698042559,0.0058236698228374415,0.9474318276924745,"[0.34511959076455134, 0.3828056139399281, 0.39357095846756035, 0.41524226585675944]","['2024-12-31 00:00:00', '2023-12-31 00:00:00', '2022-12-31 00:00:00', '2021-12-31 00:00:00']"
CTSH,Cognizant,Information Technology,IT Consulting & Other Services,,1994,2006-11-17,32273205248,3.6753588610209214,0.009848989082139782,0.0026787353549862563,0.9441276411551134,"[0.3440920145926226, 0.3474913450111094, 0.3592752728021412, 0.3729940022694116]","['2024-12-31 00:00:00', '2023-12-31 00:00:00', '2022-12-31 00:00:00', '2021-12-31 00:00:00']"
ROP,Roper Technologies,Information Technology,Electronic Equipment & Instruments,,1981,2009-12-23,54293323776,3.6540881924572486,0.003720573763942949,0.0010171948458778143,0.9435770462364708,"[0.693019093078759, 0.6972061251578232, 0.6986112662422279, 0.7049526252637677]","['2024-12-31 00:00:00', '2023-12-31 00:00:00', '2022-12-31 00:00:00', '2021-12-31 00:00:00']"
SOLV,Solventum,Health Care,Health Care Technology,,2023,2024-04-01,12511664128,3.4574337105544704,0.014308171863584357,0.004137379231944767,0.9373022425782246,"[0.556457475163557, 0.5725265340978407, 0.577490774907749, 0.6024966344388691]","['2024-12-31 00:00:00', '2023-12-31 00:00:00', '2022-12-31 00:00:00', '2021-12-31 00:00:00']"
FAST,Fastenal,Industrials,Trading Companies & Distributors,,1967,2008-09-15,48745594880,3.3844017812492857,0.00376942400165143,0.0011127637447584668,0.93482567101842,"[0.4508216273522396, 0.4565995617079777, 0.46067673265908377, 0.4620273170407094]","['2024-12-31 00:00:00', '2023-12-31 00:00:00', '2022-12-31 00:00:00', '2021-12-31 00:00:00']"
INTC,Intel,Information Technology,Semiconductors,,1968,1976-12-31,176064626688,3.2694358513820956,0.07091444964757102,0.021689118072692325,0.9303754290788803,"[0.32664168283083184, 0.400365125027661, 0.426079233672725, 0.5544518121077141]","['2024-12-31 00:00:00', '2023-12-31 00:00:00', '2022-12-31 00:00:00', '2021-12-31 00:00:00']"
FCX,Freeport-McMoRan,Materials,Copper,,1912,2011-07-01,59125178368,3.0727437184968003,0.027911157478174572,0.009082464172478672,0.9219042339851892,"[0.3009231978000393, 0.313279369940932, 0.3375768217734855, 0.3858612387831035]","['2024-12-31 00:00:00', '2023-12-31 00:00:00', '2022-12-31 00:00:00', '2021-12-31 00:00:00']"
AKAM,Akamai Technologies,Information Technology,Internet Services & Infrastructure,,1998,2007-07-12,10447070208,2.994728026251585,0.013885025669023459,0.004635489707014545,0.9181356693609032,"[0.7167125012026555, 0.7185525929190539, 0.7427807581261575, 0.7549198650303665]","['2024-12-31 00:00:00', '2023-12-31 00:00:00', '2022-12-31 00:00:00', '2021-12-31 00:00:00']"
RVTY,Revvity,Health Care,Health Care Equipment,,1937,1985-05-31,10843499520,2.806127179120152,0.027427795472929055,0.009773252456201545,0.9077911970521627,"[0.5581286710179868, 0.5597714074641229, 0.6008263729149694, 0.6358696674441351]","['2024-12-31 00:00:00', '2023-12-31 00:00:00', '2022-12-31 00:00:00', '2021-12-31 00:00:00']"
VRTX,Vertex Pharmaceuticals,Health Care,Biotechnology,,1989,2013-09-23,106866188288,2.7785020967648935,0.006544846171574198,0.0023545304058235515,0.9061763293011286,"[0.8611174127276522, 0.8721071616747051, 0.879035237999261, 0.8806242078580482]","['2024-12-31 00:00:00', '2023-12-31 00:00:00', '2022-12-31 00:00:00', '2021-12-31 00:00:00']"
CSX,CSX Corporation,Industrials,Rail Transportation,,1980,1957-03-04,68154208256,2.764022713758781,0.014121054843117013,0.005107878003362663,0.9052448541725292,"[0.3674002751031637, 0.3728593845943918, 0.3848380798491887, 0.4104775594952883]","['2024-12-31 00:00:00', '2023-12-31 00:00:00', '2022-12-31 00:00:00', '2021-12-31 00:00:00']"
IT,Gartner,Information Technology,IT Consulting & Other Services,,1979,2017-04-05,17853198336,2.6274636131337474,0.0066090705345069325,0.002514380422956406,0.8962259639614755,"[0.677215679648263, 0.6777968212392305, 0.6906832295868073, 0.6949504453140942]","['2024-12-31 00:00:00', '2023-12-31 00:00:00', '2022-12-31 00:00:00', '2021-12-31 00:00:00']"
AXON,Axon Enterprise,Industrials,Aerospace & Defense,,1993,2023-05-04,52651356160,2.520106683554554,0.009067797069884675,0.0035971798425671214,0.8881817823514987,"[0.596093398113637, 0.6121955610915365, 0.6116474594888737, 0.6265020888808069]","['2024-12-31 00:00:00', '2023-12-31 00:00:00', '2022-12-31 00:00:00', '2021-12-31 00:00:00']"
TECH,Bio-Techne,Health Care,Life Sciences Tools & Services,,1976,2021-08-30,9631196160,2.5054412285460694,0.011179132882720004,0.0044609417751049615,0.8870064536760216,"[0.7124180595014082, 0.7331164909495625, 0.7433584175975761, 0.7462678602278041]","['2025-06-30 00:00:00', '2024-06-30 00:00:00', '2023-06-30 00:00:00', '2022-06-30 00:00:00']"
NUE,Nucor,Materials,Steel,,1940,1985-04-30,30248179712,2.465304099899473,0.05822585843332858,0.023617124204516123,0.8836911599672647,"[0.13346782065464957, 0.22512530967333064, 0.30119001734438233, 0.3021991128753943]","['2024-12-31 00:00:00', '2023-12-31 00:00:00', '2022-12-31 00:00:00', '2021-12-31 00:00:00']"
UPS,United Parcel Service,Industrials,Air Freight & Logistics,,1907,2002-07-22,73238495232,2.420475420723348,0.010648792962512418,0.004398463374567165,0.8799045038120106,"[0.17959811134292303, 0.1895160403702808, 0.2094321194363053, 0.20845539486262296]","['2024-12-31 00:00:00', '2023-12-31 00:00:00', '2022-12-31 00:00:00', '2021-12-31 00:00:00']"
PAYC,Paycom,Industrials,Human Resource & Employment Services,,1998,2020-01-28,11290135552,2.4164610681269925,0.006380608275932585,0.002639476339591193,0.8795853432726082,"[0.8580076465590484, 0.8678632579559544, 0.8765270506108203, 0.876388409927202]","['2024-12-31 00:00:00', '2023-12-31 00:00:00', '2022-12-31 00:00:00', '2021-12-31 00:00:00']"
EFX,Equifax,Industrials,Research & Consulting Services,,1899,1997-06-19,27954716672,2.3425281134834384,0.014143004592718873,0.006036496203914337,0.8727989487882972,"[0.5585538012004717, 0.5582124135835296, 0.5766077076256296, 0.5995653851621682]","['2024-12-31 00:00:00', '2023-12-31 00:00:00', '2022-12-31 00:00:00', '2021-12-31 00:00:00']"
WBD,Warner Bros. Discovery,Communication Services,Broadcasting,,2022 (Warner Bros. 1923),2022-04-11,45034295296,2.2119420554127136,0.04331399515527014,0.019580885090198903,0.859481175952965,"[0.7705043106736859, 0.7942450569928123, 0.8142650146376083, 0.9082109753096547]","['2024-12-31 00:00:00', '2023-12-31 00:00:00', '2022-12-31 00:00:00', '2021-12-31 00:00:00']"
LUV,Southwest Airlines,Industrials,Passenger Airlines,,1967,1994-07-01,17604292608,2.153696137792703,0.03327765898077547,0.015450417865698242,0.8529143413999509,"[0.16224575191936833, 0.16185657889693764, 0.19954648526077098, 0.26060797973400884]","['2024-12-31 00:00:00', '2023-12-31 00:00:00', '2022-12-31 00:00:00', '2021-12-31 00:00:00']"
LHX,L3Harris,Industrials,Aerospace & Defense,,"2019 (L3 1997, Harris 1895)",2008-09-22,53110599680,2.1094933793771062,0.005729747363277275,0.002715172242725484,0.8477130527636865,"[0.28295427901524034, 0.2879653947165148, 0.2887703668971984, 0.30178511283260356]","['2024-12-31 00:00:00', '2023-12-31 00:00:00', '2022-12-31 00:00:00', '2021-12-31 00:00:00']"
CRL,Charles River Laboratories,Health Care,Life Sciences Tools & Services,,1947,2021-05-14,8785715200,2.0761735477879792,0.009906348926948753,0.0047704454976575964,0.8435147818503851,"[0.38397412931245, 0.4066538335146749, 0.407424183739682, 0.41673850899394377]","['2024-12-31 00:00:00', '2023-12-31 00:00:00', '2022-12-31 00:00:00', '2021-12-31 00:00:00']"
AMGN,Amgen,Health Care,Biotechnology,,1980,1992-01-02,160867909632,2.0407641955301155,0.04652124633742846,0.022794993010522194,0.8388748279984898,"[0.6153063666826233, 0.7002128414331323, 0.7566386810014056, 0.7515685746179607]","['2024-12-31 00:00:00', '2023-12-31 00:00:00', '2022-12-31 00:00:00', '2021-12-31 00:00:00']"
EPAM,EPAM Systems,Information Technology,IT Consulting & Other Services,,1993,2021-12-14,8049317376,2.013577980036816,0.013671387511161535,0.006788599234151126,0.8352448660321794,"[0.31472226804908693, 0.31444737706106335, 0.3286821268398561, 0.35554864316002793]","['2024-12-31 00:00:00', '2023-12-31 00:00:00', '2022-12-31 00:00:00', '2021-12-31 00:00:00']"
SW,Smurfit Westrock,Materials,Paper & Plastic Packaging Products & Materials,,1934,2024-07-08,21615978496,1.9889527469586918,0.03112546629574886,0.01564817333674358,0.8318069341439103,"[0.19873039935572503, 0.2525427933515257, 0.2422088977718558, 0.30592658553477786]","['2024-12-31 00:00:00', '2023-12-31 00:00:00', '2022-12-31 00:00:00', '2021-12-31 00:00:00']"
BMY,Bristol Myers Squibb,Health Care,Pharmaceuticals,,1989 (1887),1957-03-04,88806064128,1.966637530802754,0.02392513355090139,0.01216450237457102,0.828631374432927,"[0.725879917184265, 0.7782517886504021, 0.7951428757122121, 0.8]","['2024-12-31 00:00:00', '2023-12-31 00:00:00', '2022-12-31 00:00:00', '2021-12-31 00:00:00']"
LH,Labcorp,Health Care,Health Care Services,,1978,2004-11-01,23761614848,1.9603570736090006,0.03299240749891293,0.016828794909849863,0.8277145516392084,"[0.3083658110985556, 0.3060781476121563, 0.3415824475931186, 0.40650573610127816]","['2024-12-31 00:00:00', '2023-12-31 00:00:00', '2022-12-31 00:00:00', '2021-12-31 00:00:00']"
GD,General Dynamics,Industrials,Aerospace & Defense,,1899,1957-03-04,89077145600,1.9545461717243031,0.004694393672325956,0.0024007819278142484,0.82696843594373,"[0.1543297845586386, 0.1578349735049205, 0.16804121095236887, 0.16657568431724246]","['2024-12-31 00:00:00', '2023-12-31 00:00:00', '2022-12-31 00:00:00', '2021-12-31 00:00:00']"
TXN,Texas Instruments,Information Technology,Semiconductors,,1930,2001-03-12,160535445504,1.909583317753163,0.03383372897938369,0.0177168595271731,0.8201002083051904,"[0.5814206252797136, 0.628974256521491, 0.6875873776712602, 0.6746620148277366]","['2024-12-31 00:00:00', '2023-12-31 00:00:00', '2022-12-31 00:00:00', '2021-12-31 00:00:00']"
CDNS,Cadence Design Systems,Information Technology,Application Software,,1988,2017-09-18,88864432128,1.8307108927874467,0.01190691812093958,0.00650298605691916,0.807346513681081,"[0.8959632548374753, 0.9248261485491638, 0.9284999542355683, 0.9344283800118063]","['2024-12-31 00:00:00', '2023-12-31 00:00:00', '2022-12-31 00:00:00', '2021-12-31 00:00:00']"
DOW,Dow Inc.,Materials,Commodity Chemicals,,2019 (1897),2019-04-01,15516598272,1.8224890887791678,0.025251576521304737,0.013854543320821762,0.8059169127245903,"[0.16734940880737362, 0.16061583972031734, 0.1930687849284735, 0.24070368214233737]","['2024-12-31 00:00:00', '2023-12-31 00:00:00', '2022-12-31 00:00:00', '2021-12-31 00:00:00']"
LMT,Lockheed Martin,Industrials,Aerospace & Defense,,1995,1957-03-04,115600220160,1.820049847529934,0.011291871010986165,0.006203154807249283,0.8055254859703168,"[0.09754655631096659, 0.125482825472466, 0.12559105237633367, 0.13515005071296463]","['2024-12-31 00:00:00', '2023-12-31 00:00:00', '2022-12-31 00:00:00', '2021-12-31 00:00:00']"
AES,AES Corporation,Utilities,Independent Power Producers & Energy Traders,,1981,1998-10-02,10381682688,1.812387118774181,0.016889109838908036,0.009317709928997449,0.8041832412844009,"[0.1884671770646685, 0.19766340385222608, 0.20194975033684712, 0.24333542769948838]","['2024-12-31 00:00:00', '2023-12-31 00:00:00', '2022-12-31 00:00:00', '2021-12-31 00:00:00']"
TSLA,"Tesla, Inc.",Consumer Discretionary,Automobile Manufacturers,,2003,2020-12-21,1460772012032,1.7987911402062629,0.029599134024541753,0.016454014349885943,0.801786050110335,"[0.17862626676220697, 0.18248891736331416, 0.25598438535759005, 0.25279155751258753]","['2024-12-31 00:00:00', '2023-12-31 00:00:00', '2022-12-31 00:00:00', '2021-12-31 00:00:00']"
DGX,Quest Diagnostics,Health Care,Health Care Services,,1967,2002-12-12,21191659520,1.7514068471336595,0.017192219571554337,0.009815234074733125,0.7931774948178972,"[0.3656807131280389, 0.3657587548638132, 0.3794394414651422, 0.41842788283277715]","['2024-12-31 00:00:00', '2023-12-31 00:00:00', '2022-12-31 00:00:00', '2021-12-31 00:00:00']"
LEN,Lennar,Consumer Discretionary,Homebuilding,,1954,2005-10-04,31821651968,1.7460747770229486,0.018710443569832303,0.01071471722817825,0.7921725012445726,"[0.1551561431512456, 0.1735436708151924, 0.2138974744149344, 0.20407302051743936]","['2024-11-30 00:00:00', '2023-11-30 00:00:00', '2022-11-30 00:00:00', '2021-11-30 00:00:00']"
PKG,Packaging Corporation of America,Materials,Paper & Plastic Packaging Products & Materials,,1959,2017-07-26,18295386112,1.7342094473898222,0.011764040968383349,0.006782517980535475,0.7899363387217033,"[0.21269667076211038, 0.2177406951707167, 0.24659117716442558, 0.24229331332548543]","['2024-12-31 00:00:00', '2023-12-31 00:00:00', '2022-12-31 00:00:00', '2021-12-31 00:00:00']"
LYB,LyondellBasell,Materials,Specialty Chemicals,,2007,2012-09-05,14856939520,1.7335264342930843,0.02334575649712321,0.013466205365485753,0.7897812803513199,"[0.11324500024812664, 0.1279100883061279, 0.13089928841846543, 0.19006778853442488]","['2024-12-31 00:00:00', '2023-12-31 00:00:00', '2022-12-31 00:00:00', '2021-12-31 00:00:00']"
NSC,Norfolk Southern,Industrials,Rail Transportation,,1881/1894 (1980),1957-03-04,65023062016,1.7226230440647947,0.019932510273979836,0.011570022657949592,0.7876825702156534,"[0.37474222552173553, 0.3648404080289569, 0.41106316202432325, 0.4257763417698797]","['2024-12-31 00:00:00', '2023-12-31 00:00:00', '2022-12-31 00:00:00', '2021-12-31 00:00:00']"
LKQ,LKQ Corporation,Consumer Discretionary,Distributors,,1998,2016-05-23,7729087488,1.5516068346366751,0.004896624496342032,0.0031548410204403536,0.7507019474951713,"[0.3940090560780216, 0.40465887783066495, 0.410348600906675, 0.40843456337382533]","['2024-12-31 00:00:00', '2023-12-31 00:00:00', '2022-12-31 00:00:00', '2021-12-31 00:00:00']"
HOLX,Hologic,Health Care,Health Care Equipment,,1985,2016-03-30,15535986688,1.5058951013104138,0.04578053586686062,0.030399879733935577,0.7392326939422109,"[0.6221869339751384, 0.5872369988090512, 0.6955457760960764, 0.7386857944356657]","['2024-09-30 00:00:00', '2023-09-30 00:00:00', '2022-09-30 00:00:00', '2021-09-30 00:00:00']"
TSN,Tyson Foods,Consumer Staples,Packaged Foods & Meats,,1935,2005-08-10,18670776320,1.5028734006547082,0.02873997218791875,0.01912234876337457,0.7384650580877357,"[0.06803729201448161, 0.04975321949282351, 0.12514545249802936, 0.1387064549724755]","['2024-09-30 00:00:00', '2023-09-30 00:00:00', '2022-09-30 00:00:00', '2021-09-30 00:00:00']"
ABT,Abbott Laboratories,Health Care,Health Care Equipment,,1888,1957-03-04,223718588416,1.4931730813184136,0.006126032432865917,0.004101694128035625,0.736030496917051,"[0.586030989272944, 0.5836844598469172, 0.5902228941882574, 0.6042716192687173]","['2024-12-31 00:00:00', '2023-12-31 00:00:00', '2022-12-31 00:00:00', '2021-12-31 00:00:00']"
IP,International Paper,Materials,Paper & Plastic Packaging Products & Materials,,1898,1957-03-04,24593405952,1.4647706316909805,0.003456132119297518,0.0023585039691010477,0.7285718325531944,"[0.2815940705730705, 0.2794988369634172, 0.2843910968290724, 0.2914837576821773]","['2024-12-31 00:00:00', '2023-12-31 00:00:00', '2022-12-31 00:00:00', '2021-12-31 00:00:00']"
MDT,Medtronic,Health Care,Health Care Equipment,,1949,1986-10-31,122855645184,1.4066100564111794,0.008374863771760435,0.005952934236136514,0.7121491038208883,"[0.6845871723767779, 0.6829192930416512, 0.6887309059467768, 0.7105661806476046]","['2025-04-30 00:00:00', '2024-04-30 00:00:00', '2023-04-30 00:00:00', '2022-04-30 00:00:00']"
MOS,Mosaic Company (The),Materials,Fertilizers & Agricultural Chemicals,,2004 (1865 / 1909),2011-09-26,9305532416,1.3710347976477968,0.050870137069690825,0.03710246167505428,0.7014744636532465,"[0.13592800374006545, 0.1614036112469973, 0.30095371551670047, 0.25897842588246717]","['2024-12-31 00:00:00', '2023-12-31 00:00:00', '2022-12-31 00:00:00', '2021-12-31 00:00:00']"
ALGN,Align Technology,Health Care,Health Care Supplies,,1997,2017-06-19,9455846400,1.3635504974845347,0.013241822146793836,0.009710281079228255,0.6992088735778383,"[0.6999626407722708, 0.7008495026228166, 0.705229560586242, 0.7426420286071087]","['2024-12-31 00:00:00', '2023-12-31 00:00:00', '2022-12-31 00:00:00', '2021-12-31 00:00:00']"
MMM,3M,Industrials,Industrial Conglomerates,,1902,1957-03-04,81300594688,1.3555577621281254,0.021575244378745178,0.01591513797767912,0.6967132554569545,"[0.4121261444557477, 0.3911824461600975, 0.4381372520377458, 0.4683920237590157]","['2024-12-31 00:00:00', '2023-12-31 00:00:00', '2022-12-31 00:00:00', '2021-12-31 00:00:00']"
DHR,Danaher Corporation,Health Care,Life Sciences Tools & Services,,1969,1998-11-18,149697740800,1.3435220989587708,0.00783784383314492,0.005832803432946318,0.6929773105075039,"[0.5950157068062827, 0.5874424445374634, 0.6075892354464587, 0.614426255947101]","['2024-12-31 00:00:00', '2023-12-31 00:00:00', '2022-12-31 00:00:00', '2021-12-31 00:00:00']"
ALB,Albemarle Corporation,Materials,Specialty Chemicals,,1994,2016-07-01,10913914880,1.307771877327818,0.1161444175475297,0.08880991539057151,0.6813137266173706,"[0.011629697373848122, 0.12331121636924998, 0.4200195789568017, 0.29987496833642985]","['2024-12-31 00:00:00', '2023-12-31 00:00:00', '2022-12-31 00:00:00', '2021-12-31 00:00:00']"
ORCL,Oracle Corporation,Information Technology,Application Software,,1977,1989-08-31,830464393216,1.306901911634917,0.02003723243728145,0.015330856399395068,0.6810481308980778,"[0.7724699036568581, 0.7731538301769226, 0.7790367137766745, 0.8372997172478793]","['2025-05-31 00:00:00', '2024-05-31 00:00:00', '2023-05-31 00:00:00', '2022-05-31 00:00:00']"
LYV,Live Nation Entertainment,Communication Services,Movies & Entertainment,,2010,2019-12-23,35996340224,1.2784940203546529,0.01791284399338242,0.014009893839310578,0.6714282612507447,"[0.2516654592566601, 0.2409447602090563, 0.25979120034980585, 0.30509279252101834]","['2024-12-31 00:00:00', '2023-12-31 00:00:00', '2022-12-31 00:00:00', '2021-12-31 00:00:00']"
FANG,Diamondback Energy,Energy,Oil & Gas Exploration & Production,,2007,2018-12-03,40264622080,1.2738791323771308,0.06705839942805034,0.05264010049665038,0.6698075807388266,"[0.4510568810668602, 0.5753687492505096, 0.700501777127326, 0.6328738698680895]","['2024-12-31 00:00:00', '2023-12-31 00:00:00', '2022-12-31 00:00:00', '2021-12-31 00:00:00']"
JNJ,Johnson & Johnson,Health Care,Pharmaceuticals,,1886,1973-06-30,465339252736,1.2660718328004268,0.00405534564620075,0.003202092858665628,0.6672128845150129,"[0.6907150336069173, 0.6881950234267664, 0.6925115639454932, 0.7027940055880112]","['2024-12-31 00:00:00', '2023-12-31 00:00:00', '2022-12-31 00:00:00', '2021-12-31 00:00:00']"
OMC,Omnicom Group,Communication Services,Advertising,,1986,1997-12-31,15017398272,1.2408331118818205,0.002971706459120127,0.0023939283998500823,0.6582588942575818,"[0.18639692525383866, 0.18441758211840295, 0.18763952943152473, 0.1952286310131986]","['2024-12-31 00:00:00', '2023-12-31 00:00:00', '2022-12-31 00:00:00', '2021-12-31 00:00:00']"
TMO,Thermo Fisher Scientific,Health Care,Life Sciences Tools & Services,,2006 (1902),2004-08-03,203502714880,1.2407619913333339,0.028735245475436804,0.02315835342648404,0.6580646087656847,"[0.41283612024534155, 0.39900133000443333, 0.4223755983524435, 0.5008288490474612]","['2024-12-31 00:00:00', '2023-12-31 00:00:00', '2022-12-31 00:00:00', '2021-12-31 00:00:00']"
SWKS,Skyworks Solutions,Information Technology,Semiconductors,,2002,2015-03-12,11179564032,1.220713208614677,0.0170851707745507,0.013995056284128981,0.6507089709379671,"[0.5196744853997127, 0.5631967144413712, 0.5825357761370887, 0.5701787007496428]","['2024-09-30 00:00:00', '2023-09-30 00:00:00', '2022-09-30 00:00:00', '2021-09-30 00:00:00']"
EXC,Exelon,Utilities,Electric Utilities,,2000,1957-03-04,48257191936,1.2192241579693366,0.06173939992003915,0.050637268210554844,0.6501304099462957,"[0.3790602744484975, 0.37773277488838775, 0.39181255896844536, 0.5801650128219422]","['2024-12-31 00:00:00', '2023-12-31 00:00:00', '2022-12-31 00:00:00', '2021-12-31 00:00:00']"
NKE,"Nike, Inc.",Consumer Discretionary,"Apparel, Accessories & Luxury Goods",,1964,1988-11-30,99586424832,1.1964223915952508,0.00871159765640573,0.007280372964601669,0.6415481206031834,"[0.42734673605562634, 0.445601806783225, 0.43524610969014194, 0.4598372939413402]","['2025-05-31 00:00:00', '2024-05-31 00:00:00', '2023-05-31 00:00:00', '2022-05-31 00:00:00']"
MHK,Mohawk Industries,Consumer Discretionary,Home Furnishings,,1878,2013-12-23,7913120256,1.188803599614185,0.013890345648877511,0.011683306519079764,0.6385807685317166,"[0.24801373086399248, 0.24333863189374141, 0.25077744928474666, 0.2918352772299159]","['2024-12-31 00:00:00', '2023-12-31 00:00:00', '2022-12-31 00:00:00', '2021-12-31 00:00:00']"
TPL,Texas Pacific Land Corporation,Energy,Oil & Gas Exploration & Production,,1888,2024-11-26,21577205760,1.175085060126082,0.013411534568586547,0.011412245750182154,0.633207032620902,"[0.8990030078362422, 0.9234905279490813, 0.9507972467194669, 0.934605883474736]","['2024-12-31 00:00:00', '2023-12-31 00:00:00', '2022-12-31 00:00:00', '2021-12-31 00:00:00']"
CTRA,Coterra,Energy,Oil & Gas Exploration & Production,,2021 (1989),2008-06-23,17399590912,1.1724480162905342,0.07869793823409597,0.06712175268551823,0.6321289913549486,"[0.365518504946867, 0.4643219479201894, 0.663020660700475, 0.5616120614670919]","['2024-12-31 00:00:00', '2023-12-31 00:00:00', '2022-12-31 00:00:00', '2021-12-31 00:00:00']"
MGM,MGM Resorts,Consumer Discretionary,Casinos & Gaming,,1986,2017-07-26,8595792896,1.1453526795956752,0.009787219614498611,0.008544158001423309,0.6212372016768173,"[0.45514825662413805, 0.47083455593885, 0.49320201089546095, 0.48031650368693013]","['2024-12-31 00:00:00', '2023-12-31 00:00:00', '2022-12-31 00:00:00', '2021-12-31 00:00:00']"
ORLY,O’Reilly Automotive,Consumer Discretionary,Automotive Retail,,1957,2009-03-27,86207266816,1.130392969792387,0.004392057100282888,0.0038844249961317023,0.6150970955559947,"[0.5119849029944616, 0.5125648152539961, 0.51226771113668, 0.5267241280345102]","['2024-12-31 00:00:00', '2023-12-31 00:00:00', '2022-12-31 00:00:00', '2021-12-31 00:00:00']"
TYL,Tyler Technologies,Information Technology,Application Software,,1966,2020-06-22,21873170432,1.1301951717275966,0.007702832281086348,0.0068144885755810946,0.6149618218996329,"[0.4811027957206534, 0.490448832868537, 0.4834823619449531, 0.5091010602988029]","['2024-12-31 00:00:00', '2023-12-31 00:00:00', '2022-12-31 00:00:00', '2021-12-31 00:00:00']"
MCHP,Microchip Technology,Information Technology,Semiconductors,,1989,2007-09-07,35152035840,1.076808342255521,0.024579212986160774,0.022824986781153907,0.5917571291626933,"[0.6195701563067976, 0.6902703552342031, 0.7141384336449927, 0.6935448401237373]","['2025-03-31 00:00:00', '2024-03-31 00:00:00', '2023-03-31 00:00:00', '2022-03-31 00:00:00']"
PSKY,Paramount Skydance Corporation,Communication Services,Movies & Entertainment,,2025 (Paramount Pictures 1912),1994-09-30,18382493696,1.0754741386438718,0.03456083160163555,0.032134437161897095,0.5911518330515004,"[0.2963749015849108, 0.24497504384189936, 0.3418783577634808, 0.3792765689498356]","['2024-12-31 00:00:00', '2023-12-31 00:00:00', '2022-12-31 00:00:00', '2021-12-31 00:00:00']"
CNC,Centene Corporation,Health Care,Managed Health Care,,1984,2016-03-30,17322260480,1.064239786296214,0.0031304635565147718,0.002940502090811194,0.5862162001217415,"[0.10320044643130906, 0.11243579503763011, 0.11522203850650653, 0.1127065771300662]","['2024-12-31 00:00:00', '2023-12-31 00:00:00', '2022-12-31 00:00:00', '2021-12-31 00:00:00']"
SMCI,Supermicro,Information Technology,"Technology Hardware, Storage & Peripherals",,1993,2024-03-18,31009179648,1.060560159200537,0.017269526444183173,0.016282401082312152,0.5843996114299654,"[0.11059154174200105, 0.13752588438208152, 0.18011023260815426, 0.1539618471472541]","['2025-06-30 00:00:00', '2024-06-30 00:00:00', '2023-06-30 00:00:00', '2022-06-30 00:00:00']"
QCOM,Qualcomm,Information Technology,Semiconductors,,1985,1999-07-22,176362553344,1.0485339746733504,0.006031920752902224,0.005751718460821784,0.5789043331523328,"[0.5621374672758072, 0.5569793411501954, 0.5783936651583711, 0.5751057617827564]","['2024-09-30 00:00:00', '2023-09-30 00:00:00', '2022-09-30 00:00:00', '2021-09-30 00:00:00']"
ROK,Rockwell Automation,Industrials,Electrical Components & Equipment,,1903,2000-03-12,39088943104,1.0235094233536925,0.007245797959675642,0.007078366143922373,0.5670685387218645,"[0.386413687955277, 0.41035548686244205, 0.3997216638317613, 0.4141109554977563]","['2024-09-30 00:00:00', '2023-09-30 00:00:00', '2022-09-30 00:00:00', '2021-09-30 00:00:00']"
MRNA,Moderna,Health Care,Biotechnology,,2010,2021-07-21,10159005696,0.9632872828106115,0.13381771421063812,0.13891676274694945,0.5370198222856939,"[0.5423569865582994, 0.3051525022209061, 0.7130596026490066, 0.85244700045106]","['2024-12-31 00:00:00', '2023-12-31 00:00:00', '2022-12-31 00:00:00', '2021-12-31 00:00:00']"
EQT,EQT Corporation,Energy,Oil & Gas Exploration & Production,,1888,2022-10-03,33749334016,0.9388083405487341,0.1351265407511569,0.14393310764989087,0.5241984765846763,"[0.14691512682796803, 0.18571643844100433, 0.6638288931019262, 0.43796611111151723]","['2024-12-31 00:00:00', '2023-12-31 00:00:00', '2022-12-31 00:00:00', '2021-12-31 00:00:00']"
VRSK,Verisk Analytics,Industrials,Research & Consulting Services,,1971,2015-10-08,32461377536,0.9209542627171433,0.009782318253483083,0.010620937103175741,0.5146563103502373,"[0.6873026338619564, 0.6731185201760275, 0.7103724469363236, 0.7074923857868021]","['2024-12-31 00:00:00', '2023-12-31 00:00:00', '2022-12-31 00:00:00', '2021-12-31 00:00:00']"
D,Dominion Energy,Utilities,Multi-Utilities,,1983,2016-11-30,51701010432,0.9188707450204414,0.008325236330464733,0.009059290988238535,0.5135328638010683,"[0.49906632547202434, 0.5215035086500382, 0.5056679581001579, 0.5320956300902006]","['2024-12-31 00:00:00', '2023-12-31 00:00:00', '2022-12-31 00:00:00', '2021-12-31 00:00:00']"
GM,General Motors,Consumer Discretionary,Automobile Manufacturers,,1908,2013-06-06,55582306304,0.9117661845196965,0.0070198927762573195,0.007698224752402157,0.5096637808626502,"[0.12486529166355459, 0.11136974662771616, 0.13386288959071044, 0.14076721993008096]","['2024-12-31 00:00:00', '2023-12-31 00:00:00', '2022-12-31 00:00:00', '2021-12-31 00:00:00']"
POOL,Pool Corporation,Consumer Discretionary,Distributors,,1993,2020-10-07,10830058496,0.9080297203498535,0.003953452037887304,0.004352879558440096,0.5076610568942694,"[0.29662228229095605, 0.2995606860479699, 0.3128636588638948, 0.3053661314786056]","['2024-12-31 00:00:00', '2023-12-31 00:00:00', '2022-12-31 00:00:00', '2021-12-31 00:00:00']"
UNH,UnitedHealth Group,Health Care,Managed Health Care,,1977,1994-07-01,322963210240,0.8865039934277402,0.005738072970299459,0.0064716983892229634,0.4956284283458464,"[0.2233422771174034, 0.2447594598812772, 0.24560867714291001, 0.2421861145978574]","['2024-12-31 00:00:00', '2023-12-31 00:00:00', '2022-12-31 00:00:00', '2021-12-31 00:00:00']"
ISRG,Intuitive Surgical,Health Care,Health Care Equipment,,1995,2008-06-02,159927123968,0.8818380005017971,0.006646762161242074,0.007536395936056091,0.49297923323438786,"[0.6745848349516887, 0.6638733313681728, 0.6743595512841117, 0.6932453021838497]","['2024-12-31 00:00:00', '2023-12-31 00:00:00', '2022-12-31 00:00:00', '2021-12-31 00:00:00']"
IPG,Interpublic Group of Companies (The),Communication Services,Advertising,,1961 (1930),1992-10-01,9665770496,0.8695241385333229,0.0034416442812751974,0.003957077905784674,0.48601128718088527,"[0.1701974428762498, 0.16660391393386167, 0.168807994289793, 0.18093489702852344]","['2024-12-31 00:00:00', '2023-12-31 00:00:00', '2022-12-31 00:00:00', '2021-12-31 00:00:00']"
TTD,Trade Desk (The),Communication Services,Advertising,,2009,2025-07-18,24437364736,0.8637969618957817,0.0033360660085733455,0.0038610950937957183,0.48271349262815955,"[0.8069347124606977, 0.8121400530285903, 0.8218253955678653, 0.814826484976184]","['2024-12-31 00:00:00', '2023-12-31 00:00:00', '2022-12-31 00:00:00', '2021-12-31 00:00:00']"
UBER,Uber,Industrials,Passenger Ground Transportation,,2009,2023-12-18,192484147200,0.8391106024307291,0.019474469741570292,0.023207465826980137,0.4681442625102892,"[0.3945836554640957, 0.39762881896944824, 0.383285754619318, 0.464279576052707]","['2024-12-31 00:00:00', '2023-12-31 00:00:00', '2022-12-31 00:00:00', '2021-12-31 00:00:00']"
HII,Huntington Ingalls Industries,Industrials,Aerospace & Defense,,2011,2018-01-03,10988161024,0.8211468670260264,0.004497497029536474,0.00547609211364978,0.45745367438656914,"[0.12570437798006068, 0.14370525580583202, 0.1348819782690146, 0.14363712725745484]","['2024-12-31 00:00:00', '2023-12-31 00:00:00', '2022-12-31 00:00:00', '2021-12-31 00:00:00']"
GEN,Gen Digital,Information Technology,Systems Software,,1982,2003-03-25,16332849152,0.8184577456635577,0.002188756226957292,0.0026732446247885117,0.4559208657250282,"[0.8650571791613723, 0.8739473684210526, 0.8697618329816099, 0.8737482117310443]","['2025-03-31 00:00:00', '2024-03-31 00:00:00', '2023-03-31 00:00:00', '2022-03-31 00:00:00']"
GLW,Corning Inc.,Information Technology,Electronic Components,,1851,1995-02-27,72375713792,0.7814608024854282,0.010757102078290108,0.013764376387500506,0.4329336764265712,"[0.4196523860344565, 0.4113441372735939, 0.41123405454929873, 0.45554608720352224]","['2024-12-31 00:00:00', '2023-12-31 00:00:00', '2022-12-31 00:00:00', '2021-12-31 00:00:00']"
PM,Philip Morris International,Consumer Staples,Tobacco,,2008 (1847),2008-03-31,246034497536,0.7722991375773597,0.01051177952336003,0.01361002066789125,0.4271530633137792,"[0.6481070806272771, 0.6334508443736852, 0.6410175681632139, 0.6806241044419679]","['2024-12-31 00:00:00', '2023-12-31 00:00:00', '2022-12-31 00:00:00', '2021-12-31 00:00:00']"
PWR,Quanta Services,Industrials,Construction & Engineering,,1997,2009-07-01,64646225920,0.7604662228314221,0.0028994552515691973,0.0038117337737286197,0.41970634541459395,"[0.16348403304299303, 0.1562034202708277, 0.16515274802720853, 0.1701657746294302]","['2024-12-31 00:00:00', '2023-12-31 00:00:00', '2022-12-31 00:00:00', '2021-12-31 00:00:00']"
MPWR,Monolithic Power Systems,Information Technology,Semiconductors,,1997,2021-02-12,48114700288,0.7581285650299662,0.00668211798295673,0.00881296413640292,0.4181349995828626,"[0.5531557247066287, 0.5607241229341838, 0.5844289322842932, 0.5675278481997817]","['2024-12-31 00:00:00', '2023-12-31 00:00:00', '2022-12-31 00:00:00', '2021-12-31 00:00:00']"
UNP,Union Pacific Corporation,Industrials,Rail Transportation,,1862,1957-03-04,134069649408,0.7461839148801174,0.009487427307513072,0.012713596386116594,0.41041126507108194,"[0.4552164948453608, 0.4365438036402836, 0.45045226130653265, 0.48220509998165473]","['2024-12-31 00:00:00', '2023-12-31 00:00:00', '2022-12-31 00:00:00', '2021-12-31 00:00:00']"
DHI,D. R. Horton,Consumer Discretionary,Homebuilding,,1978,2005-06-22,45818605568,0.7461670186408282,0.012335358292086193,0.016530631637318303,0.41039151786514705,"[0.2591042732069976, 0.26368568882471716, 0.3137425328554361, 0.28353651950371206]","['2024-09-30 00:00:00', '2023-09-30 00:00:00', '2022-09-30 00:00:00', '2021-09-30 00:00:00']"
XYL,Xylem Inc.,Industrials,Industrial Machinery & Supplies & Components,,2011,2011-11-01,35515908096,0.7373632140205538,0.002352415312865141,0.0031893073927953884,0.404782063093304,"[0.37514599392665265, 0.3689570885388376, 0.37739949293734154, 0.3801732435033686]","['2024-12-31 00:00:00', '2023-12-31 00:00:00', '2022-12-31 00:00:00', '2021-12-31 00:00:00']"
INTU,Intuit,Information Technology,Application Software,,1983,2000-12-05,184398839808,0.6507480960754112,0.006909834958128918,0.010617294544081434,0.3461663758215603,"[0.8130741861823588, 0.8060178077985877, 0.8037305122494433, 0.8368694012258369]","['2025-07-31 00:00:00', '2024-07-31 00:00:00', '2023-07-31 00:00:00', '2022-07-31 00:00:00']"
CPRT,Copart,Industrials,Diversified Support Services,,1982,2018-07-02,42909216768,0.6259288555093744,0.001963342941275872,0.0031356870595510796,0.3288798139254444,"[0.4518317144247914, 0.45016088706089447, 0.44889079208314836, 0.4587995558882934]","['2025-07-31 00:00:00', '2024-07-31 00:00:00', '2023-07-31 00:00:00', '2022-07-31 00:00:00']"
NDSN,Nordson Corporation,Industrials,Industrial Machinery & Supplies & Components,,1935,2022-02-15,13110511616,0.607297488883198,0.003260278562903362,0.005367503283125569,0.31562377316492773,"[0.5524805375325149, 0.5422611457214247, 0.5507269876051915, 0.5605261854476044]","['2024-10-31 00:00:00', '2023-10-31 00:00:00', '2022-10-31 00:00:00', '2021-10-31 00:00:00']"
BF.B,Brown–Forman,Consumer Staples,Distillers & Vintners,,1870,1982-10-31,13540591616,0.5789696292602445,0.004077825037729775,0.007042245157677881,0.295341082255666,"[0.5894339622641509, 0.6045955002393489, 0.5898770104068117, 0.6079328756674295]","['2025-04-30 00:00:00', '2024-04-30 00:00:00', '2023-04-30 00:00:00', '2022-04-30 00:00:00']"
MU,Micron Technology,Information Technology,Semiconductors,,1978,1994-09-27,227164684288,0.5702853535012471,0.10010280426685457,0.17553008045345525,0.28903366695458477,"[0.22352753773246783, -0.09111969111969112, 0.4518499252227063, 0.3762136798411839]","['2024-08-31 00:00:00', '2023-08-31 00:00:00', '2022-08-31 00:00:00', '2021-08-31 00:00:00']"
ADSK,Autodesk,Information Technology,Application Software,,1982,1989-12-01,64679579648,0.5644044891483639,0.0008073944672785178,0.0014295245312573686,0.2850748485580574,"[0.9270918284129832, 0.9246861924686193, 0.926073926073926, 0.9293205654354765]","['2025-01-31 00:00:00', '2024-01-31 00:00:00', '2023-01-31 00:00:00', '2022-01-31 00:00:00']"
FFIV,"F5, Inc.",Information Technology,Communications Equipment,,1996,2010-12-20,17285853184,0.5643930503055141,0.003652474576517867,0.006470508773080621,0.2848445939850113,"[0.8019803843586211, 0.78909621142562, 0.7998301089268857, 0.810577333779926]","['2024-09-30 00:00:00', '2023-09-30 00:00:00', '2022-09-30 00:00:00', '2021-09-30 00:00:00']"
PNW,Pinnacle West Capital,Utilities,Multi-Utilities,,1985,1999-10-04,11124647936,0.5630798597967723,0.01100272543788199,0.019539257472275976,0.28385447039614287,"[0.4288912108786195, 0.40560171431333664, 0.40990545476408785, 0.4641323821879761]","['2024-12-31 00:00:00', '2023-12-31 00:00:00', '2022-12-31 00:00:00', '2021-12-31 00:00:00']"
HLT,Hilton Worldwide,Consumer Discretionary,"Hotels, Resorts & Cruise Lines",,1919,2017-06-19,61213876224,0.5535434655772207,0.005671567924149839,0.010244930585117966,0.2769800681940999,"[0.27411848935027744, 0.2862725940400586, 0.3075344807933432, 0.2859364201796821]","['2024-12-31 00:00:00', '2023-12-31 00:00:00', '2022-12-31 00:00:00', '2021-12-31 00:00:00']"
ZBH,Zimmer Biomet,Health Care,Health Care Equipment,,1927,2001-08-07,20189941760,0.5420819484254998,0.0011666180299613792,0.00215110639894922,0.26882286205282235,"[0.7673013309717918, 0.7709556138595115, 0.7665816510324356, 0.7726480453473554]","['2024-12-31 00:00:00', '2023-12-31 00:00:00', '2022-12-31 00:00:00', '2021-12-31 00:00:00']"
HD,Home Depot (The),Consumer Discretionary,Home Improvement Retail,,1978,1988-03-31,390091997184,0.5401808673624516,0.00031171291068264964,0.0005760528530650381,0.26794183124174686,"[0.33874769612698574, 0.3375537928459609, 0.33860853986264555, 0.33943515682369985]","['2025-01-31 00:00:00', '2024-01-31 00:00:00', '2023-01-31 00:00:00', '2022-01-31 00:00:00']"
SBUX,Starbucks,Consumer Discretionary,Restaurants,,1971,2000-06-07,97028718592,0.5287971780302168,0.004892708960085884,0.009251524717154038,0.2590444566380946,"[0.2705895035962871, 0.2761288206451039, 0.2620936859502082, 0.2915769116948721]","['2024-09-30 00:00:00', '2023-09-30 00:00:00', '2022-09-30 00:00:00', '2021-09-30 00:00:00']"
PPL,PPL Corporation,Utilities,Electric Utilities,,1920,2001-10-01,27687450624,0.5010863953459805,0.016512980475970513,0.032953358029554854,0.23889462692326335,"[0.41018671708815885, 0.40387391722810395, 0.3719311566691977, 0.4758775721943628]","['2024-12-31 00:00:00', '2023-12-31 00:00:00', '2022-12-31 00:00:00', '2021-12-31 00:00:00']"
STE,Steris,Health Care,Health Care Equipment,,1985,2019-12-23,23658430464,0.4901074214426581,0.002221934397759828,0.004532566113362336,0.23099940381508266,"[0.4401057603102107, 0.43165772828580606, 0.4366423838460972, 0.4458506564493135]","['2025-03-31 00:00:00', '2024-03-31 00:00:00', '2023-03-31 00:00:00', '2022-03-31 00:00:00']"
COP,ConocoPhillips,Energy,Oil & Gas Exploration & Production,,2002,1957-03-04,108008538112,0.46749460121305475,0.012708784871246777,0.02718388050614922,0.21458305779814257,"[0.29926020641154444, 0.3242371885075079, 0.3823604351924988, 0.3222484070873702]","['2024-12-31 00:00:00', '2023-12-31 00:00:00', '2022-12-31 00:00:00', '2021-12-31 00:00:00']"
BA,Boeing,Industrials,Aerospace & Defense,,1916,1957-03-04,161016217600,0.46131351028453893,0.019036019851662984,0.04126382192104353,0.21012654850009327,"[-0.029932197784025137, 0.09928786281718384, 0.05299663704059573, 0.04895161031371416]","['2024-12-31 00:00:00', '2023-12-31 00:00:00', '2022-12-31 00:00:00', '2021-12-31 00:00:00']"
DASH,DoorDash,Consumer Discretionary,Specialized Consumer Services,,2012,2025-03-24,112377864192,0.4604328837805064,0.01021023711942451,0.022174299547657518,0.20949988414715393,"[0.48311882111546356, 0.4685581933989577, 0.4549597447972049, 0.5216857610474632]","['2024-12-31 00:00:00', '2023-12-31 00:00:00', '2022-12-31 00:00:00', '2021-12-31 00:00:00']"
TER,Teradyne,Information Technology,Semiconductor Materials & Equipment,,1960,2020-09-21,21977600000,0.4242681466882512,0.0022600867653014937,0.005326024389983694,0.1837326575741689,"[0.6205597401307857, 0.6085402298249298, 0.6207496248072532, 0.62402356435435]","['2024-12-31 00:00:00', '2023-12-31 00:00:00', '2022-12-31 00:00:00', '2021-12-31 00:00:00']"
ULTA,Ulta Beauty,Consumer Discretionary,Other Specialty Retail,,1990,2016-04-18,23921715200,0.41791825330280186,0.0010938511344781054,0.0026163806141115296,0.1793097431643943,"[0.3884018579180984, 0.3909147455012147, 0.3961873247797441, 0.3902905019401825]","['2025-01-31 00:00:00', '2024-01-31 00:00:00', '2023-01-31 00:00:00', '2022-01-31 00:00:00']"
RTX,RTX Corporation,Industrials,Aerospace & Defense,,1922,1957-03-04,211422674944,0.4071352222609147,0.003776316270757215,0.00927433670456334,0.171666725225869,"[0.19086427704426664, 0.1754062681369704, 0.2037749351462564, 0.1939957756103622]","['2024-12-31 00:00:00', '2023-12-31 00:00:00', '2022-12-31 00:00:00', '2021-12-31 00:00:00']"
BSX,Boston Scientific,Health Care,Health Care Equipment,,1979,1995-02-24,147049037824,0.4069203077561589,0.0013679213651604553,0.0033606443787321675,0.17157053298937808,"[0.7107541649250612, 0.7207162921348315, 0.7143195079640435, 0.7174461641991925]","['2024-12-31 00:00:00', '2023-12-31 00:00:00', '2022-12-31 00:00:00', '2021-12-31 00:00:00']"
SWK,Stanley Black & Decker,Industrials,Industrial Machinery & Supplies & Components,,1843,1982-09-30,10502652928,0.3878749568957684,0.012189197771875106,0.03142458588836826,0.15829924710672505,"[0.29379722368652256, 0.24919682404902066, 0.2527880382831585, 0.33323081151472717]","['2024-12-31 00:00:00', '2023-12-31 00:00:00', '2022-12-31 00:00:00', '2021-12-31 00:00:00']"
FE,FirstEnergy,Utilities,Electric Utilities,,1997,1997-11-28,27120662528,0.38785837078220786,0.014381260034681006,0.037077637765836544,0.15828655927061752,"[0.6756977434679335, 0.624941724941725, 0.6266955614415282, 0.7230506647502695]","['2024-12-31 00:00:00', '2023-12-31 00:00:00', '2022-12-31 00:00:00', '2021-12-31 00:00:00']"
IEX,IDEX Corporation,Industrials,Industrial Machinery & Supplies & Components,,1988,2019-08-09,12521027584,0.35372839270553036,0.0008802024500622958,0.0024873567963825884,0.13534489939001582,"[0.4421194322075379, 0.44194996792815905, 0.4484427543291744, 0.44288917824074076]","['2024-12-31 00:00:00', '2023-12-31 00:00:00', '2022-12-31 00:00:00', '2021-12-31 00:00:00']"
CARR,Carrier Global,Industrials,Building Products,,"2020 (1915, United Technologies spinoff)",2020-04-03,47827484672,0.35062878632117234,0.004852860416405794,0.01383945065815168,0.13322195745055676,"[0.2659877256959886, 0.2723866814416126, 0.2485539102267469, 0.29010818415562994]","['2024-12-31 00:00:00', '2023-12-31 00:00:00', '2022-12-31 00:00:00', '2021-12-31 00:00:00']"
COO,Cooper Companies (The),Health Care,Health Care Supplies,,1958,2016-09-23,14308279296,0.3467693194602012,0.0032565417020441498,0.009390089462912836,0.13069422707811829,"[0.710992452636443, 0.7067238116442168, 0.6970741143755289, 0.7250641573994867]","['2024-10-31 00:00:00', '2023-10-31 00:00:00', '2022-10-31 00:00:00', '2021-10-31 00:00:00']"
STZ,Constellation Brands,Consumer Staples,Distillers & Vintners,,1945,2005-07-01,24581251072,0.3459299999290155,0.004005309084446327,0.011577380265568793,0.13014001201397007,"[0.5205951786221557, 0.5036740348129856, 0.504517275670186, 0.5336651286179102]","['2025-02-28 00:00:00', '2024-02-29 00:00:00', '2023-02-28 00:00:00', '2022-02-28 00:00:00']"
GDDY,GoDaddy,Information Technology,Internet Services & Infrastructure,,1997,2024-06-24,17823928320,0.3225146221978212,0.0011905534283105854,0.003690471165547136,0.1151147831570849,"[0.6387649785708038, 0.6300980230836134, 0.6371568938968054, 0.6403805330607752]","['2024-12-31 00:00:00', '2023-12-31 00:00:00', '2022-12-31 00:00:00', '2021-12-31 00:00:00']"
CPB,Campbell's Company (The),Consumer Staples,Packaged Foods & Meats,,1869,1957-03-04,9187116032,0.31548243618331634,0.0009050070794940563,0.0028676448933346857,0.11071448474196588,"[0.3399005169218765, 0.3433997509339975, 0.3479747782408892, 0.3413921980845597]","['2025-07-31 00:00:00', '2024-07-31 00:00:00', '2023-07-31 00:00:00', '2022-07-31 00:00:00']"
AVGO,Broadcom,Information Technology,Semiconductors,,1961,2014-05-08,1649663672320,0.30329562540423904,0.0013128850150258239,0.0043277304697388295,0.1031699323485572,"[0.7615271260712763, 0.7574471649124767, 0.7700207812547059, 0.761712204007286]","['2024-10-31 00:00:00', '2023-10-31 00:00:00', '2022-10-31 00:00:00', '2021-10-31 00:00:00']"
CF,CF Industries,Materials,Fertilizers & Agricultural Chemicals,,1946,2008-08-27,13526362112,0.29515626946946666,0.019636069294435753,0.0665267052380792,0.09820526863893009,"[0.3463611859838275, 0.3838033479113256, 0.523958519578044, 0.36509635974304067]","['2024-12-31 00:00:00', '2023-12-31 00:00:00', '2022-12-31 00:00:00', '2021-12-31 00:00:00']"
EL,Estée Lauder Companies (The),Consumer Staples,Personal Care Products,,1946,2006-01-05,36316786688,0.2882880489774427,0.004932975718801506,0.017110273728823528,0.09412055100948913,"[0.7397040346223649, 0.716555612506407, 0.7131363922061597, 0.757287027118453]","['2025-06-30 00:00:00', '2024-06-30 00:00:00', '2023-06-30 00:00:00', '2022-06-30 00:00:00']"
NRG,NRG Energy,Utilities,Independent Power Producers & Energy Traders,,1992,2010-01-29,32639514624,0.28301940779945356,0.017475655996563155,0.06174620006815341,0.09101504932564464,"[0.20255954496978315, 0.07549526419873018, 0.12896680721554704, 0.24298788395272147]","['2024-12-31 00:00:00', '2023-12-31 00:00:00', '2022-12-31 00:00:00', '2021-12-31 00:00:00']"
HRL,Hormel Foods,Consumer Staples,Packaged Foods & Meats,,1891,2009-03-04,13216463872,0.2625233016763261,0.0007673716973419407,0.0029220612766254913,0.07936523393547434,"[0.16963110771872048, 0.16513950029768762, 0.17374746825658896, 0.16931969072355993]","['2024-10-31 00:00:00', '2023-10-31 00:00:00', '2022-10-31 00:00:00', '2021-10-31 00:00:00']"
XOM,ExxonMobil,Energy,Integrated Oil & Gas,,1999,1957-03-04,478506844160,0.2583629102496223,0.0032006763237936906,0.01238729644975471,0.07702478654380596,"[0.22621275943486605, 0.25139753269374987, 0.25852386028720137, 0.23450623798302805]","['2024-12-31 00:00:00', '2023-12-31 00:00:00', '2022-12-31 00:00:00', '2021-12-31 00:00:00']"
COST,Costco,Consumer Staples,Consumer Staples Merchandise Retail,,1976,1993-10-01,414961958912,0.250497835778005,0.0007033429806197222,0.00280678066778603,0.07277970700668324,"[0.1261333134213391, 0.12259688802674482, 0.12148717361227385, 0.12884769482822858]","['2024-08-31 00:00:00', '2023-08-31 00:00:00', '2022-08-31 00:00:00', '2021-08-31 00:00:00']"
NOC,Northrop Grumman,Industrials,Aerospace & Defense,,"1994 (Northrop 1939, Grumman 1930)",1957-03-04,85122277376,0.24065032387131333,0.003742175644897309,0.015549262242316453,0.06751215227114638,"[0.2037871956717764, 0.1667345380503945, 0.20419649199497295, 0.2037737965065747]","['2024-12-31 00:00:00', '2023-12-31 00:00:00', '2022-12-31 00:00:00', '2021-12-31 00:00:00']"
ED,Consolidated Edison,Utilities,Multi-Utilities,,1823,1957-03-04,36494344192,0.2337607757244445,0.006149464726739183,0.026305657768744432,0.06394239335803387,"[0.5353303618248558, 0.5050126167905613, 0.49042756860242503, 0.5606902603100322]","['2024-12-31 00:00:00', '2023-12-31 00:00:00', '2022-12-31 00:00:00', '2021-12-31 00:00:00']"
HPE,Hewlett Packard Enterprise,Information Technology,"Technology Hardware, Storage & Peripherals",,2015,2015-11-02,30294573056,0.21454448696121842,0.0021204745512016857,0.009882612397763398,0.0544167248543449,"[0.4041225478806386, 0.4313368800411876, 0.41033829309376757, 0.41819032536711775]","['2024-10-31 00:00:00', '2023-10-31 00:00:00', '2022-10-31 00:00:00', '2021-10-31 00:00:00']"
URI,United Rentals,Industrials,Trading Companies & Distributors,,1997,2014-09-20,63078207488,0.20345124176252902,0.0021392929244923287,0.010514015322390314,0.04920402666566537,"[0.5614858260019551, 0.5695646106614569, 0.5883009792131936, 0.5623713462330177]","['2024-12-31 00:00:00', '2023-12-31 00:00:00', '2022-12-31 00:00:00', '2021-12-31 00:00:00']"
BDX,Becton Dickinson,Health Care,Health Care Equipment,,1897,1972-09-30,54201253888,0.19629409960617838,0.002427101454741706,0.012363617477607121,0.04595811386961568,"[0.452225195757756, 0.42174272145364444, 0.44923158452570217, 0.45115257958287597]","['2024-09-30 00:00:00', '2023-09-30 00:00:00', '2022-09-30 00:00:00', '2021-09-30 00:00:00']"
DVN,Devon Energy,Energy,Oil & Gas Exploration & Production,,1971,2000-08-30,20148551680,0.1854070154021683,0.010261867113460622,0.05534678223575574,0.041200804216891096,"[0.2954830614805521, 0.35174990169091624, 0.4365903281339663, 0.3014091430444044]","['2024-12-31 00:00:00', '2023-12-31 00:00:00', '2022-12-31 00:00:00', '2021-12-31 00:00:00']"
EOG,EOG Resources,Energy,Oil & Gas Exploration & Production,,1999,2000-11-02,57995419648,0.1726491673134608,0.00671912284722618,0.038916783107676274,0.0359230344303233,"[0.6833775344340833, 0.7167630057803468, 0.7809575478095755, 0.6843764299150948]","['2024-12-31 00:00:00', '2023-12-31 00:00:00', '2022-12-31 00:00:00', '2021-12-31 00:00:00']"
A,Agilent Technologies,Health Care,Life Sciences Tools & Services,,1999,2000-06-05,40234377216,0.16697272975191182,0.0024888959286225713,0.014905002509035902,0.03368061945602052,"[0.543010752688172, 0.507097907214986, 0.5435163551401869, 0.539167589808514]","['2024-10-31 00:00:00', '2023-10-31 00:00:00', '2022-10-31 00:00:00', '2021-10-31 00:00:00']"
EXPD,Expeditors International,Industrials,Air Freight & Logistics,,1979,2007-10-10,16275365888,0.1667156267676641,0.0004625374539773645,0.002773409711586062,0.03359950683372004,"[0.12726174152859554, 0.1339205665309335, 0.12718024022094648, 0.13105030847851581]","['2024-12-31 00:00:00', '2023-12-31 00:00:00', '2022-12-31 00:00:00', '2021-12-31 00:00:00']"
MNST,Monster Beverage,Consumer Staples,Soft Drinks & Non-alcoholic Beverages,,2012 (1935),2012-06-28,68564787200,0.16297930483576276,0.0033390293121351093,0.020486443577575144,0.03213885409954487,"[0.54037571724726, 0.5313993910667285, 0.5030172475261644, 0.5609665294678988]","['2024-12-31 00:00:00', '2023-12-31 00:00:00', '2022-12-31 00:00:00', '2021-12-31 00:00:00']"
ABBV,AbbVie,Health Care,Biotechnology,,2013 (1888),2012-12-31,405548793856,0.14334486619213455,0.004475166849462755,0.03121858231461457,0.025043069194790046,"[0.6999325451769801, 0.6241577377664862, 0.7000378957522306, 0.6895563820132747]","['2024-12-31 00:00:00', '2023-12-31 00:00:00', '2022-12-31 00:00:00', '2021-12-31 00:00:00']"
WMT,Walmart,Consumer Staples,Consumer Staples Merchandise Retail,,1962,1982-08-31,858915274752,0.13582863105200038,0.0005080897620526512,0.0037396676200552666,0.022553700033204116,"[0.24851061330278934, 0.24375390549662487, 0.24140463839525986, 0.25098733487675334]","['2025-01-31 00:00:00', '2024-01-31 00:00:00', '2023-01-31 00:00:00', '2022-01-31 00:00:00']"
APA,APA Corporation,Energy,Oil & Gas Exploration & Production,,1954,1997-07-28,8057351168,0.11553674187426198,0.005875079487624787,0.05084931300275548,0.016412707743305943,"[0.44181986238061005, 0.5105689092885615, 0.5647855530474041, 0.443331246086412]","['2024-12-31 00:00:00', '2023-12-31 00:00:00', '2022-12-31 00:00:00', '2021-12-31 00:00:00']"
YUM,Yum! Brands,Consumer Discretionary,Restaurants,,1997,1997-10-06,40312057856,0.10926686701617067,0.0007567245802568776,0.006924471562618228,0.014708792804759563,"[0.4747648695191416, 0.49406444318824194, 0.48333820520315696, 0.48086269744835963]","['2024-12-31 00:00:00', '2023-12-31 00:00:00', '2022-12-31 00:00:00', '2021-12-31 00:00:00']"
SYK,Stryker Corporation,Health Care,Health Care Equipment,,1941,2000-12-12,143143501824,0.10890488011654242,0.0005902747961114403,0.0054190949992302395,0.014614074556198786,"[0.6579774286346537, 0.6562103619865353, 0.647677380887853, 0.6627893383212532]","['2024-12-31 00:00:00', '2023-12-31 00:00:00', '2022-12-31 00:00:00', '2021-12-31 00:00:00']"
MKC,McCormick & Company,Consumer Staples,Packaged Foods & Meats,,1889,2003-03-20,18122610688,0.08151588851260758,0.0011013363877118484,0.013509695985869201,0.008238837460383341,"[0.385353302497137, 0.3756266698688121, 0.3581607747421463, 0.39484638883173206]","['2024-11-30 00:00:00', '2023-11-30 00:00:00', '2022-11-30 00:00:00', '2021-11-30 00:00:00']"
TKO,TKO Group Holdings,Communication Services,Movies & Entertainment,,2023,2025-03-24,15546869760,0.05627916134968659,0.0008676979145211137,0.015416747772212419,0.00394407630622251,"[0.6791135600128515, 0.6927714439917658, 0.7144350684604704, 0.674784678238354]","['2024-12-31 00:00:00', '2023-12-31 00:00:00', '2022-12-31 00:00:00', '2021-12-31 00:00:00']"
ADM,Archer Daniels Midland,Consumer Staples,Agricultural Products & Services,,1902,1957-03-04,30427815936,0.055021266668644854,0.0002582274479954594,0.004692229793319467,0.0037715097221533433,"[0.06755524377411434, 0.0799808378133816, 0.07454015518531648, 0.07022956281012094]","['2024-12-31 00:00:00', '2023-12-31 00:00:00', '2022-12-31 00:00:00', '2021-12-31 00:00:00']"
KLAC,KLA Corporation,Information Technology,Semiconductor Materials & Equipment,,1975/1977 (1997),1997-09-30,145730011136,0.02229431231688403,0.00011977285571568618,0.005371350311293489,0.0006211407547914716,"[0.6090980853989936, 0.5996765063089016, 0.5981055169675161, 0.6100209913651747]","['2025-06-30 00:00:00', '2024-06-30 00:00:00', '2023-06-30 00:00:00', '2022-06-30 00:00:00']"
MOH,Molina Healthcare,Health Care,Managed Health Care,,1980,2022-03-02,10443255808,0.009366637124701137,3.922041608743018e-05,0.004186246240595831,0.00010970772706442311,"[0.11650676506765067, 0.12720122094388353, 0.12278726465253018, 0.11810881855172663]","['2024-12-31 00:00:00', '2023-12-31 00:00:00', '2022-12-31 00:00:00', '2021-12-31 00:00:00']"
CVX,Chevron Corporation,Energy,Integrated Oil & Gas,,1879,1957-03-04,308429029376,0.0012164135103645542,1.0913077789311575e-05,0.00897051971457549,1.849986253077418e-06,"[0.29432202425884374, 0.3066887407129037, 0.3138594161642987, 0.29196817603434316]","['2024-12-31 00:00:00', '2023-12-31 00:00:00', '2022-12-31 00:00:00', '2021-12-31 00:00:00']"
