Ticker,Full Name,Sector,Sub-Industry,Founding Year (YF),Founded (Wiki),Date Added,Market Cap,Pricing Power,Gross Margins (latest→older)
HD,Home Depot (The),Consumer Discretionary,Home Improvement Retail,,1978,1988-03-31,390091997184,1485.2872863592665,"[0.33874769612698574, 0.3375537928459609, 0.33860853986264555, 0.33943515682369985]"
LOW,Lowe's,Consumer Discretionary,Home Improvement Retail,,1904/1946/1959,1984-02-29,137233850368,1458.734690378184,"[0.3360661615316586, 0.336316380517962, 0.3345593917101969, 0.33533506493506493]"
COR,Cencora,Health Care,Health Care Distributors,,1985,2001-08-30,62950211584,1159.010980515822,"[0.033803729619761864, 0.03423854831716707, 0.03483973054257616, 0.03249160985463153]"
FDX,FedEx,Industrials,Air Freight & Logistics,,1971,1980-12-31,56110206976,684.9186219419161,"[0.21603393762937015, 0.2161175920540978, 0.2125894293161777, 0.21566216100607408]"
CAH,Cardinal Health,Health Care,Health Care Distributors,,1971,1997-05-27,37160308736,661.9307058233984,"[0.038161902793627404, 0.034563786498080035, 0.03552071187780212, 0.037788292908904404]"
ADSK,Autodesk,Information Technology,Application Software,,1982,1989-12-01,64679579648,591.4781087961666,"[0.9270918284129832, 0.9246861924686193, 0.926073926073926, 0.9293205654354765]"
SYY,Sysco,Consumer Staples,Food Distributors,,1969,1986-12-31,38237532160,466.76748765441545,"[0.1839621482118717, 0.18527725635431994, 0.18283655420897477, 0.17949763972259455]"
ACN,Accenture,Information Technology,IT Consulting & Other Services,,1989,2011-07-06,147834912768,448.0912687906521,"[0.32609352953344267, 0.32336675596647696, 0.31985975002072026, 0.3238280337778256]"
TDY,Teledyne Technologies,Information Technology,Electronic Equipment & Instruments,,1960,2020-06-22,26363527168,398.91342709244407,"[0.44915343915343914, 0.45410345133528524, 0.450811563404536, 0.4472834449428949]"
ZBH,Zimmer Biomet,Health Care,Health Care Equipment,,1927,2001-08-07,20189941760,397.51123670541625,"[0.7673013309717918, 0.7709556138595115, 0.7665816510324356, 0.7726480453473554]"
IEX,IDEX Corporation,Industrials,Industrial Machinery & Supplies & Components,,1988,2019-08-09,12521027584,373.83793338046405,"[0.4421194322075379, 0.44194996792815905, 0.4484427543291744, 0.44288917824074076]"
EXPD,Expeditors International,Industrials,Air Freight & Logistics,,1979,2007-10-10,16275365888,354.45780150040594,"[0.12726174152859554, 0.1339205665309335, 0.12718024022094648, 0.13105030847851581]"
ULTA,Ulta Beauty,Consumer Discretionary,Other Specialty Retail,,1990,2016-04-18,23921715200,346.2491501937337,"[0.3884018579180984, 0.3909147455012147, 0.3961873247797441, 0.3902905019401825]"
COST,Costco,Consumer Staples,Consumer Staples Merchandise Retail,,1976,1993-10-01,414961958912,343.0701934327549,"[0.1261333134213391, 0.12259688802674482, 0.12148717361227385, 0.12884769482822858]"
CPB,Campbell's Company (The),Consumer Staples,Packaged Foods & Meats,,1869,1957-03-04,9187116032,328.8480255039917,"[0.3399005169218765, 0.3433997509339975, 0.3479747782408892, 0.3413921980845597]"
HRL,Hormel Foods,Consumer Staples,Packaged Foods & Meats,,1891,2009-03-04,13216463872,328.3631147526885,"[0.16963110771872048, 0.16513950029768762, 0.17374746825658896, 0.16931969072355993]"
ADBE,Adobe Inc.,Information Technology,Application Software,,1982,1997-05-05,139502632960,321.3918101993052,"[0.9223436410137177, 0.9149878922149518, 0.9160513461320005, 0.920874247703516]"
ZTS,Zoetis,Health Care,Pharmaceuticals,,1952,2013-06-21,63845011456,298.55081561622103,"[0.7447061365600691, 0.7402855805243446, 0.7352722772277228, 0.7407407407407407]"
GEN,Gen Digital,Information Technology,Systems Software,,1982,2003-03-25,16332849152,275.9258144674321,"[0.8650571791613723, 0.8739473684210526, 0.8697618329816099, 0.8737482117310443]"
JBL,Jabil,Information Technology,Electronic Manufacturing Services,,1966,2023-12-18,22365327360,271.12376891297384,"[0.1153619776339023, 0.10829347011699614, 0.10523328753211064, 0.10886119173638381]"
BSX,Boston Scientific,Health Care,Health Care Equipment,,1979,1995-02-24,147049037824,270.83526409041804,"[0.7107541649250612, 0.7207162921348315, 0.7143195079640435, 0.7174461641991925]"
WMT,Walmart,Consumer Staples,Consumer Staples Merchandise Retail,,1962,1982-08-31,858915274752,264.37077822508945,"[0.24851061330278934, 0.24375390549662487, 0.24140463839525986, 0.25098733487675334]"
CPRT,Copart,Industrials,Diversified Support Services,,1982,2018-07-02,42909216768,261.2567001781461,"[0.4518317144247914, 0.45016088706089447, 0.44889079208314836, 0.4587995558882934]"
GDDY,GoDaddy,Information Technology,Internet Services & Infrastructure,,1997,2024-06-24,17823928320,254.8951977610007,"[0.6387649785708038, 0.6300980230836134, 0.6371568938968054, 0.6403805330607752]"
AMAT,Applied Materials,Information Technology,Semiconductor Materials & Equipment,,1967,1995-03-16,179236585472,249.9030654258557,"[0.47457315278186635, 0.4670211562393936, 0.465115377157262, 0.4732255127260114]"
OMC,Omnicom Group,Communication Services,Advertising,,1986,1997-12-31,15017398272,244.1953856677466,"[0.18639692525383866, 0.18441758211840295, 0.18763952943152473, 0.1952286310131986]"
XYL,Xylem Inc.,Industrials,Industrial Machinery & Supplies & Components,,2011,2011-11-01,35515908096,241.90320674350738,"[0.37514599392665265, 0.3689570885388376, 0.37739949293734154, 0.3801732435033686]"
MOH,Molina Healthcare,Health Care,Managed Health Care,,1980,2022-03-02,10443255808,238.86438760697203,"[0.11650676506765067, 0.12720122094388353, 0.12278726465253018, 0.11810881855172663]"
CHRW,C.H. Robinson,Industrials,Air Freight & Logistics,,1905,2007-03-02,15043633152,236.1957451401076,"[0.07383741883477736, 0.06472177359935755, 0.07572682502163758, 0.06962468149051833]"
ROP,Roper Technologies,Information Technology,Electronic Equipment & Instruments,,1981,2009-12-23,54293323776,233.51982580084064,"[0.693019093078759, 0.6972061251578232, 0.6986112662422279, 0.7049526252637677]"
DOV,Dover Corporation,Industrials,Industrial Machinery & Supplies & Components,,1955,1985-10-31,22832885760,233.0122941486075,"[0.3819591735456742, 0.3731606423131519, 0.3703325550912053, 0.3755856301459413]"
ROL,"Rollins, Inc.",Industrials,Environmental & Facilities Services,,1948,2018-10-01,27052605440,229.60373123845454,"[0.526900222739758, 0.5217253369203827, 0.514656934079129, 0.5204318772429155]"
FAST,Fastenal,Industrials,Trading Companies & Distributors,,1967,2008-09-15,48745594880,229.42213494650684,"[0.4508216273522396, 0.4565995617079777, 0.46067673265908377, 0.4620273170407094]"
OTIS,Otis Worldwide,Industrials,Industrial Machinery & Supplies & Components,,"2020 (1853, United Technologies spinoff)",2020-04-03,35829063680,227.45269921362097,"[0.29850641609985273, 0.29509465831515236, 0.2864450127877238, 0.2932577982934676]"
IP,International Paper,Materials,Paper & Plastic Packaging Products & Materials,,1898,1957-03-04,24593405952,220.89752290849523,"[0.2815940705730705, 0.2794988369634172, 0.2843910968290724, 0.2914837576821773]"
JCI,Johnson Controls,Industrials,Building Products,,1885,2010-08-27,71216766976,220.03040282294208,"[0.35190833042872083, 0.34946934754377323, 0.3435576876483985, 0.3405019435524759]"
KR,Kroger,Consumer Staples,Food Retail,,1883,1957-03-04,45718167552,219.96459312237874,"[0.23113993053431484, 0.22653443438039442, 0.21848399411836122, 0.22448653980041772]"
GRMN,Garmin,Consumer Discretionary,Consumer Electronics,,1989,2012-12-12,47929069568,219.08210775966802,"[0.5870433449586249, 0.5747532827415358, 0.5774917360830206, 0.58008788240335]"
AVGO,Broadcom,Information Technology,Semiconductors,,1961,2014-05-08,1649663672320,218.82396094686513,"[0.7615271260712763, 0.7574471649124767, 0.7700207812547059, 0.761712204007286]"
CNC,Centene Corporation,Health Care,Managed Health Care,,1984,2016-03-30,17322260480,218.75865736619772,"[0.10320044643130906, 0.11243579503763011, 0.11522203850650653, 0.1127065771300662]"
AZO,AutoZone,Consumer Discretionary,Automotive Retail,,1979,1997-01-02,67162783744,217.62228084121523,"[0.530930757736989, 0.5195803063364826, 0.5213223046929559, 0.5275464068187854]"
MCK,McKesson Corporation,Health Care,Health Care Distributors,,1833,1999-01-13,97766129664,217.1080549065388,"[0.0371061492657032, 0.041521147366410854, 0.0446603134678419, 0.049741254555510934]"
BBY,Best Buy,Consumer Discretionary,Computer & Electronics Retail,,1966,1999-06-29,16747171840,214.7469274587263,"[0.22599210171450587, 0.22100248550124274, 0.21409132143937104, 0.22487973570835185]"
UHS,Universal Health Services,Health Care,Health Care Facilities,,1979,2014-09-20,13017929728,214.42728191199456,"[0.8996845766677712, 0.8926739549205236, 0.8899695284181272, 0.8871127359444625]"
ADM,Archer Daniels Midland,Consumer Staples,Agricultural Products & Services,,1902,1957-03-04,30427815936,212.7160236618031,"[0.06755524377411434, 0.0799808378133816, 0.07454015518531648, 0.07022956281012094]"
BKR,Baker Hughes,Energy,Oil & Gas Equipment & Services,,2017,2017-07-07,44542017536,211.77952946221308,"[0.20985303101081607, 0.20587312789147652, 0.20797882397428624, 0.19749292751926642]"
MSFT,Microsoft,Information Technology,Systems Software,,1975,1994-06-01,3817525739520,202.2583433081102,"[0.6882374238616519, 0.6976444382797138, 0.6892008588349102, 0.684016744842891]"
PWR,Quanta Services,Industrials,Construction & Engineering,,1997,2009-07-01,64646225920,199.8487106105028,"[0.16348403304299303, 0.1562034202708277, 0.16515274802720853, 0.1701657746294302]"
PTC,PTC Inc.,Information Technology,Application Software,,1985,2021-04-20,24301148160,197.48996746920048,"[0.8497145059848455, 0.8360241729703541, 0.8453924722256274, 0.846187302832789]"
STE,Steris,Health Care,Health Care Equipment,,1985,2019-12-23,23658430464,193.47247645856262,"[0.4401057603102107, 0.43165772828580606, 0.4366423838460972, 0.4458506564493135]"
TSCO,Tractor Supply,Consumer Discretionary,Other Specialty Retail,,1938,2014-01-24,29253332992,192.59803719517325,"[0.3625931089828546, 0.3591860421259213, 0.35003893424979887, 0.3516704166684667]"
GPC,Genuine Parts Company,Consumer Discretionary,Distributors,,1925,1973-12-31,18513184768,191.25428099434797,"[0.36291443846055166, 0.3590495010742462, 0.3502947799583209, 0.35156103359156693]"
TTD,Trade Desk (The),Communication Services,Advertising,,2009,2025-07-18,24437364736,186.2752167671413,"[0.8069347124606977, 0.8121400530285903, 0.8218253955678653, 0.814826484976184]"
KLAC,KLA Corporation,Information Technology,Semiconductor Materials & Equipment,,1975/1977 (1997),1997-09-30,145730011136,186.11509647373998,"[0.6090980853989936, 0.5996765063089016, 0.5981055169675161, 0.6100209913651747]"
SYK,Stryker Corporation,Health Care,Health Care Equipment,,1941,2000-12-12,143143501824,183.17930754014694,"[0.6579774286346537, 0.6562103619865353, 0.647677380887853, 0.6627893383212532]"
IPG,Interpublic Group of Companies (The),Communication Services,Advertising,,1961 (1930),1992-10-01,9665770496,181.17663548355637,"[0.1701974428762498, 0.16660391393386167, 0.168807994289793, 0.18093489702852344]"
JNJ,Johnson & Johnson,Health Care,Pharmaceuticals,,1886,1973-06-30,465339252736,180.15624848301505,"[0.6907150336069173, 0.6881950234267664, 0.6925115639454932, 0.7027940055880112]"
SNA,Snap-on,Industrials,Industrial Machinery & Supplies & Components,,1920,1982-09-30,17669566464,180.09675593330286,"[0.5196930545767755, 0.5128124816475148, 0.5053381517811047, 0.5178086359388921]"
KMX,CarMax,Consumer Discretionary,Automotive Retail,,1993,2010-06-28,6299652608,177.16206161251696,"[0.11081222095652102, 0.10243031740983206, 0.095047669565573, 0.10476899169828904]"
GD,General Dynamics,Industrials,Aerospace & Defense,,1899,1957-03-04,89077145600,173.26464516382828,"[0.1543297845586386, 0.1578349735049205, 0.16804121095236887, 0.16657568431724246]"
TER,Teradyne,Information Technology,Semiconductor Materials & Equipment,,1960,2020-09-21,21977600000,169.63406126184393,"[0.6205597401307857, 0.6085402298249298, 0.6207496248072532, 0.62402356435435]"
PEP,PepsiCo,Consumer Staples,Soft Drinks & Non-alcoholic Beverages,,1898,1957-03-04,210173870080,161.64525294035965,"[0.5455396607659982, 0.5421390386023985, 0.5303268821187147, 0.5334952311447769]"
POOL,Pool Corporation,Consumer Discretionary,Distributors,,1993,2020-10-07,10830058496,161.19643911389042,"[0.29662228229095605, 0.2995606860479699, 0.3128636588638948, 0.3053661314786056]"
ORLY,O’Reilly Automotive,Consumer Discretionary,Automotive Retail,,1957,2009-03-27,86207266816,159.7161577723733,"[0.5119849029944616, 0.5125648152539961, 0.51226771113668, 0.5267241280345102]"
LKQ,LKQ Corporation,Consumer Discretionary,Distributors,,1998,2016-05-23,7729087488,158.26393654913645,"[0.3940090560780216, 0.40465887783066495, 0.410348600906675, 0.40843456337382533]"
IQV,IQVIA,Health Care,Life Sciences Tools & Services,,1982,2017-08-29,34773499904,157.48711245133455,"[0.3489126906848426, 0.34963961558996265, 0.34892435808466343, 0.334510595358224]"
MTD,Mettler Toledo,Health Care,Life Sciences Tools & Services,,1945,2016-09-06,27793872896,156.5447071529468,"[0.6135623718966284, 0.6045539051856647, 0.6007655160115203, 0.5961744841887825]"
WM,Waste Management,Industrials,Environmental & Facilities Services,,1968,1998-08-31,86801874944,155.08474154677475,"[0.393418846031818, 0.38284539312640753, 0.37587572342369785, 0.3803468852824717]"
NDSN,Nordson Corporation,Industrials,Industrial Machinery & Supplies & Components,,1935,2022-02-15,13110511616,154.12572722324916,"[0.5524805375325149, 0.5422611457214247, 0.5507269876051915, 0.5605261854476044]"
AME,Ametek,Industrials,Electrical Components & Equipment,,1930,2013-09-23,42835030016,153.35652860259216,"[0.3567789626547648, 0.3614496092891412, 0.34879416895779713, 0.3448317267386326]"
DRI,Darden Restaurants,Consumer Discretionary,Restaurants,,1938,1995-05-31,21889087488,149.70847721270226,"[0.21881805460100856, 0.21374012291483757, 0.20111939586948646, 0.2071651090342679]"
SNPS,Synopsys,Information Technology,Application Software,,1986,2017-03-16,83148537856,145.53035759689323,"[0.8422730159890695, 0.8508807987342644, 0.8524074498549954, 0.8353976613347674]"
LHX,L3Harris,Industrials,Aerospace & Defense,,"2019 (L3 1997, Harris 1895)",2008-09-22,53110599680,143.72554204908408,"[0.28295427901524034, 0.2879653947165148, 0.2887703668971984, 0.30178511283260356]"
YUM,Yum! Brands,Consumer Discretionary,Restaurants,,1997,1997-10-06,40312057856,143.34933002634747,"[0.4747648695191416, 0.49406444318824194, 0.48333820520315696, 0.48086269744835963]"
PAYX,Paychex,Industrials,Human Resource & Employment Services,,1971,1998-10-01,45548204032,139.7855128160318,"[0.7235314177001633, 0.7197393100051153, 0.7098120668650516, 0.7059002103345837]"
DD,DuPont,Materials,Specialty Chemicals,,2017 (1802),2019-06-03,33317285888,136.9647668986755,"[0.4122396253834975, 0.39608882996353995, 0.3964047015441346, 0.4091198472067484]"
JBHT,J.B. Hunt,Industrials,Cargo Ground Transportation,,1961,2015-07-01,15696688128,136.64114011570658,"[0.17068943322210828, 0.17226786513911313, 0.16690476352806558, 0.1536630994201163]"
HII,Huntington Ingalls Industries,Industrials,Aerospace & Defense,,2011,2018-01-03,10988161024,134.50786163750126,"[0.12570437798006068, 0.14370525580583202, 0.1348819782690146, 0.14363712725745484]"
PAYC,Paycom,Industrials,Human Resource & Employment Services,,1998,2020-01-28,11290135552,131.46855897258757,"[0.8580076465590484, 0.8678632579559544, 0.8765270506108203, 0.876388409927202]"
FFIV,"F5, Inc.",Information Technology,Communications Equipment,,1996,2010-12-20,17285853184,130.6958454786381,"[0.8019803843586211, 0.78909621142562, 0.7998301089268857, 0.810577333779926]"
VRTX,Vertex Pharmaceuticals,Health Care,Biotechnology,,1989,2013-09-23,106866188288,130.0923943104616,"[0.8611174127276522, 0.8721071616747051, 0.879035237999261, 0.8806242078580482]"
NOW,ServiceNow,Information Technology,Systems Software,,2003,2019-11-21,187514175488,128.85139527753643,"[0.791788055353241, 0.7858655668264407, 0.7828847481021394, 0.7705223880597015]"
HSIC,Henry Schein,Health Care,Health Care Distributors,,1932,2015-03-17,7637484032,128.71489019807166,"[0.31823561903258896, 0.3138828106005349, 0.30386652961176563, 0.2986855898717845]"
MTCH,Match Group,Communication Services,Interactive Media & Services,,1986,2021-09-20,7803376128,128.18827733657216,"[0.7151001056799602, 0.7164473574708189, 0.6989619746095997, 0.7186623970888388]"
IT,Gartner,Information Technology,IT Consulting & Other Services,,1979,2017-04-05,17853198336,128.11894899996312,"[0.677215679648263, 0.6777968212392305, 0.6906832295868073, 0.6949504453140942]"
DG,Dollar General,Consumer Staples,Consumer Staples Merchandise Retail,,1939,2012-12-03,23274010624,126.78180877176483,"[0.29590775781568485, 0.3028828291943093, 0.31233031547769113, 0.315980833565334]"
WAB,Wabtec,Industrials,Construction Machinery & Heavy Transportation Equipment,,1999 (1869),2019-02-27,33190559744,126.2493868775712,"[0.3390776932704342, 0.32034721504598535, 0.3198995455632624, 0.3225517770391204]"
ABT,Abbott Laboratories,Health Care,Health Care Equipment,,1888,1957-03-04,223718588416,125.26034584236268,"[0.586030989272944, 0.5836844598469172, 0.5902228941882574, 0.6042716192687173]"
HON,Honeywell,Industrials,Industrial Conglomerates,,1906,1957-03-04,128858611712,125.07587396614834,"[0.3808509532962751, 0.3727838088483989, 0.3699035696159702, 0.35854268434519654]"
NXPI,NXP Semiconductors,Information Technology,Semiconductors,,1953,2021-03-22,54040764416,123.65243741165912,"[0.6269224671000476, 0.6296324194034347, 0.6253691783415373, 0.6089668263581307]"
IDXX,Idexx Laboratories,Health Care,Health Care Equipment,,1983,2017-01-05,50834984960,122.10432395897838,"[0.6103719200801333, 0.5981966990562293, 0.5952317032753605, 0.5876268909235669]"
DELL,Dell Technologies,Information Technology,"Technology Hardware, Storage & Peripherals",,2016,2024-09-23,100255244288,122.05631669172799,"[0.22235708979040883, 0.23826972010178116, 0.22175736307562977, 0.21632064191626235]"
ODFL,Old Dominion,Industrials,Cargo Ground Transportation,,1934,2019-12-09,29011609600,120.74344067561749,"[0.34786914791712886, 0.35324672800841167, 0.3603990813531527, 0.3376996260507335]"
REGN,Regeneron Pharmaceuticals,Health Care,Biotechnology,,1988,2013-05-01,61266038784,120.07311937016857,"[0.8612519363469934, 0.8615710669960053, 0.8718136187761338, 0.848335894771555]"
VRSN,Verisign,Information Technology,Internet Services & Infrastructure,,1995,2006-02-01,24733661184,119.52567026519597,"[0.8771028637472711, 0.8678588172259059, 0.8591480103866938, 0.8554534498342874]"
BF.B,Brown–Forman,Consumer Staples,Distillers & Vintners,,1870,1982-10-31,13540591616,119.20057116615956,"[0.5894339622641509, 0.6045955002393489, 0.5898770104068117, 0.6079328756674295]"
AVY,Avery Dennison,Materials,Paper & Plastic Packaging Products & Materials,,1935,1987-12-31,12433385472,118.58525128657499,"[0.289034571764679, 0.2722881771337709, 0.2659719226046265, 0.2750615463292223]"
RSG,Republic Services,Industrials,Environmental & Facilities Services,,1998 (1981),2008-12-05,68631281664,116.2748433179713,"[0.42346556886227543, 0.40895422652856667, 0.39930427059433055, 0.41080123948649844]"
WAT,Waters Corporation,Health Care,Life Sciences Tools & Services,,1958,2002-01-02,19916177408,115.22860979717794,"[0.6432292326865958, 0.6408232129713816, 0.6217558402614305, 0.6295611359307708]"
MAR,Marriott International,Consumer Discretionary,"Hotels, Resorts & Cruise Lines",,1927,1998-05-29,70809772032,114.5190752002864,"[0.21553784860557768, 0.22650023194028593, 0.2293842969238916, 0.20754853142815904]"
INCY,Incyte,Health Care,Biotechnology,,1991,2017-02-28,17100332032,114.37790867550525,"[0.9264126310915004, 0.9309999407411256, 0.9390214264567472, 0.949438211653546]"
CRWD,CrowdStrike,Information Technology,Systems Software,,2011,2024-06-24,121625403392,114.21407824791996,"[0.749222232564351, 0.7526724277586232, 0.7317413248760951, 0.7359998732427938]"
QCOM,Qualcomm,Information Technology,Semiconductors,,1985,1999-07-22,176362553344,112.82173301728062,"[0.5621374672758072, 0.5569793411501954, 0.5783936651583711, 0.5751057617827564]"
CVX,Chevron Corporation,Energy,Integrated Oil & Gas,,1879,1957-03-04,308429029376,111.47615821875137,"[0.29432202425884374, 0.3066887407129037, 0.3138594161642987, 0.29196817603434316]"
GIS,General Mills,Consumer Staples,Packaged Foods & Meats,,1856,1957-03-04,25812019200,111.28139883008302,"[0.345519485184691, 0.3490975565537941, 0.325755690696818, 0.33708563245019163]"
UNH,UnitedHealth Group,Health Care,Managed Health Care,,1977,1994-07-01,322963210240,109.73799753645018,"[0.2233422771174034, 0.2447594598812772, 0.24560867714291001, 0.2421861145978574]"
APH,Amphenol,Information Technology,Electronic Components,,1932,2008-09-30,153408733184,108.91981389126151,"[0.3376339282781635, 0.3253044676495655, 0.3191158995484433, 0.3127718065886377]"
GEHC,GE HealthCare,Health Care,Health Care Equipment,,1994,2023-01-04,33808420864,108.66270686804619,"[0.4170902806018707, 0.4051759410801964, 0.39141813423477456, 0.4079613306795564]"
BIIB,Biogen,Health Care,Biotechnology,,1978,2003-11-13,20965885952,108.43472870089084,"[0.7846298535536745, 0.7682703647972671, 0.791043309021566, 0.7720480435633827]"
HCA,HCA Healthcare,Health Care,Health Care Facilities,,1968,2015-01-27,99718676480,108.42560709726641,"[0.40618670594733935, 0.3937169067848787, 0.384789069114937, 0.38282952069716775]"
ABNB,Airbnb,Consumer Discretionary,"Hotels, Resorts & Cruise Lines",,2008,2023-09-18,77086588928,108.3907731850786,"[0.8308412898576834, 0.8282746798426943, 0.8215263721871652, 0.8070761014686249]"
KEYS,Keysight Technologies,Information Technology,Electronic Equipment & Instruments,,2014 (1939),2018-11-06,27873366016,107.36994418381649,"[0.6292428198433421, 0.6464128843338214, 0.6365313653136532, 0.6211293260473588]"
ROST,Ross Stores,Consumer Discretionary,Apparel Retail,,1982,2009-12-21,50836119552,106.0770628933598,"[0.2777534276113092, 0.2736102538648956, 0.25404591580293123, 0.2752838777084922]"
PHM,PulteGroup,Consumer Discretionary,Homebuilding,,1956,1984-04-30,24553680896,103.15945167749652,"[0.29533335747856876, 0.2982129775791644, 0.30583668203276404, 0.27923668895562676]"
LDOS,Leidos,Industrials,Diversified Support Services,,1969,2019-08-09,23672139776,103.08143208017687,"[0.16792701956547834, 0.14535561601243685, 0.14476243400944708, 0.14661134163208853]"
KVUE,Kenvue,Consumer Staples,Personal Care Products,,2022 (Johnson & Johnson spinoff),2023-08-25,29342578688,102.41967120199735,"[0.5796829505014558, 0.5596348096348096, 0.554180602006689, 0.5592533545901421]"
HPQ,HP Inc.,Information Technology,"Technology Hardware, Storage & Peripherals",,1939 (2015),1974-12-31,25582790656,102.13954942753459,"[0.23021340951100655, 0.2235377340928553, 0.2037037037037037, 0.2212102111566341]"
NVR,"NVR, Inc.",Consumer Discretionary,Homebuilding,,1980,2019-09-26,21107517440,100.13970888957705,"[0.2554183966703501, 0.2604845216341795, 0.27291114770360686, 0.24516699684701024]"
GOOGL,Alphabet Inc. (Class A),Communication Services,Interactive Media & Services,,1998,2006-04-03,3066071089152,99.64450147082043,"[0.5820043540617911, 0.566250479840205, 0.5537944250378312, 0.5693980290098084]"
GOOG,Alphabet Inc. (Class C),Communication Services,Interactive Media & Services,,1998,2014-04-03,3066070827008,99.64450147082043,"[0.5820043540617911, 0.566250479840205, 0.5537944250378312, 0.5693980290098084]"
COO,Cooper Companies (The),Health Care,Health Care Supplies,,1958,2016-09-23,14308279296,99.29252430939293,"[0.710992452636443, 0.7067238116442168, 0.6970741143755289, 0.7250641573994867]"
HPE,Hewlett Packard Enterprise,Information Technology,"Technology Hardware, Storage & Peripherals",,2015,2015-11-02,30294573056,98.39615515693626,"[0.4041225478806386, 0.4313368800411876, 0.41033829309376757, 0.41819032536711775]"
RTX,RTX Corporation,Industrials,Aerospace & Defense,,1922,1957-03-04,211422674944,98.13404375104581,"[0.19086427704426664, 0.1754062681369704, 0.2037749351462564, 0.1939957756103622]"
DIS,Walt Disney Company (The),Communication Services,Movies & Entertainment,,1923,1976-06-30,198977339392,96.2965384633621,"[0.3575157890128173, 0.33405700915656145, 0.3423635792171369, 0.3305793704945267]"
BG,Bunge Global,Consumer Staples,Agricultural Products & Services,,1818,2023-03-15,19506046976,95.56198454615962,"[0.06388867967161256, 0.08137386630836413, 0.05476558781532603, 0.056853529889099266]"
DHR,Danaher Corporation,Health Care,Life Sciences Tools & Services,,1969,1998-11-18,149697740800,94.99656351511942,"[0.5950157068062827, 0.5874424445374634, 0.6075892354464587, 0.614426255947101]"
ISRG,Intuitive Surgical,Health Care,Health Care Equipment,,1995,2008-06-02,159927123968,94.48201942232637,"[0.6745848349516887, 0.6638733313681728, 0.6743595512841117, 0.6932453021838497]"
SBUX,Starbucks,Consumer Discretionary,Restaurants,,1971,2000-06-07,97028718592,93.04279804047907,"[0.2705895035962871, 0.2761288206451039, 0.2620936859502082, 0.2915769116948721]"
TEL,TE Connectivity,Information Technology,Electronic Manufacturing Services,,2007,2011-10-17,65886466048,93.03436614033647,"[0.3443357526033449, 0.31526755644255955, 0.32209323751612307, 0.3274810694900489]"
AXON,Axon Enterprise,Industrials,Aerospace & Defense,,1993,2023-05-04,52651356160,92.95957545182607,"[0.596093398113637, 0.6121955610915365, 0.6116474594888737, 0.6265020888808069]"
ROK,Rockwell Automation,Industrials,Electrical Components & Equipment,,1903,2000-03-12,39088943104,92.95581221491925,"[0.386413687955277, 0.41035548686244205, 0.3997216638317613, 0.4141109554977563]"
KO,Coca-Cola Company (The),Consumer Staples,Soft Drinks & Non-alcoholic Beverages,,1886,1957-03-04,294542999552,92.95175966105938,"[0.6106330082233696, 0.5952266468505486, 0.5814342851827737, 0.6027163368257664]"
URI,United Rentals,Industrials,Trading Companies & Distributors,,1997,2014-09-20,63078207488,92.74170188952468,"[0.5614858260019551, 0.5695646106614569, 0.5883009792131936, 0.5623713462330177]"
FTV,Fortive,Industrials,Industrial Machinery & Supplies & Components,,2016,2016-07-01,16463447040,92.68325913241692,"[0.5987034243717706, 0.5925675564275469, 0.5773383456065365, 0.572268635697566]"
HAL,Halliburton,Energy,Oil & Gas Equipment & Services,,1919,1957-03-04,18987450368,91.27307649150472,"[0.18745641562064155, 0.18941697801720392, 0.16322609252598907, 0.188558352402746]"
MCD,McDonald's,Consumer Discretionary,Restaurants,,1940,1970-06-30,219854389248,91.06120731725468,"[0.6311728395061729, 0.6338497744655814, 0.6344577689586748, 0.6079602461363568]"
TYL,Tyler Technologies,Information Technology,Application Software,,1966,2020-06-22,21873170432,91.0581094156397,"[0.4811027957206534, 0.490448832868537, 0.4834823619449531, 0.5091010602988029]"
GM,General Motors,Consumer Discretionary,Automobile Manufacturers,,1908,2013-06-06,55582306304,90.96124598411627,"[0.12486529166355459, 0.11136974662771616, 0.13386288959071044, 0.14076721993008096]"
PLTR,Palantir Technologies,Information Technology,Application Software,,2003,2024-09-23,422632816640,90.3033958484532,"[0.8024817248745161, 0.8062459887856784, 0.7856365934525474, 0.7798777992449522]"
MDT,Medtronic,Health Care,Health Care Equipment,,1949,1986-10-31,122855645184,90.12654197908849,"[0.6845871723767779, 0.6829192930416512, 0.6887309059467768, 0.7105661806476046]"
CAG,Conagra Brands,Consumer Staples,Packaged Foods & Meats,,1919,1983-08-31,8878205952,90.04109520933164,"[0.2586370212179664, 0.27661004572272613, 0.26592815834487255, 0.2460839639733354]"
BR,Broadridge Financial Solutions,Industrials,Data Processing & Outsourced Services,,1962,2018-06-18,26727686144,89.92510753415367,"[0.31017113991668, 0.2972121472920637, 0.29457671302941807, 0.27888809094253036]"
DPZ,Domino's,Consumer Discretionary,Restaurants,,1960,2020-05-12,14063850496,88.916727762524,"[0.39276213577380326, 0.38563941529120915, 0.36335653287807035, 0.38744491233594186]"
VLTO,Veralto,Industrials,Environmental & Facilities Services,,2023,2023-10-02,25501009920,88.58984002315295,"[0.5979202772963604, 0.5777733519219279, 0.5667351129363449, 0.5772340425531914]"
CTSH,Cognizant,Information Technology,IT Consulting & Other Services,,1994,2006-11-17,32273205248,88.24064903168004,"[0.3440920145926226, 0.3474913450111094, 0.3592752728021412, 0.3729940022694116]"
ZBRA,Zebra Technologies,Information Technology,Electronic Equipment & Instruments,,1969,2019-12-23,14913391616,86.64650445813194,"[0.49809275245934553, 0.4788394415357766, 0.4656633800380557, 0.47982939399324687]"
MPWR,Monolithic Power Systems,Information Technology,Semiconductors,,1997,2021-02-12,48114700288,86.5543929174515,"[0.5531557247066287, 0.5607241229341838, 0.5844289322842932, 0.5675278481997817]"
VZ,Verizon,Communication Services,Integrated Telecommunication Services,,1983 (1877),1983-11-30,170971971584,85.74027885467123,"[0.5986512152417129, 0.5903160314687924, 0.5678517923046005, 0.5786263312701608]"
TJX,TJX Companies,Consumer Discretionary,Apparel Retail,,1987,1985-09-30,160085098496,84.27295777404561,"[0.3060326472675656, 0.3000165999594223, 0.2760933995514258, 0.2849845520082389]"
HLT,Hilton Worldwide,Consumer Discretionary,"Hotels, Resorts & Cruise Lines",,1919,2017-06-19,61213876224,82.99771093329888,"[0.27411848935027744, 0.2862725940400586, 0.3075344807933432, 0.2859364201796821]"
CRL,Charles River Laboratories,Health Care,Life Sciences Tools & Services,,1947,2021-05-14,8785715200,82.9235185402002,"[0.38397412931245, 0.4066538335146749, 0.407424183739682, 0.41673850899394377]"
AOS,A. O. Smith,Industrials,Building Products,,1916,2017-07-26,9768433664,82.78792969592105,"[0.38136769597443754, 0.3853820598006645, 0.3541916406936786, 0.37042583853739863]"
NKE,"Nike, Inc.",Consumer Discretionary,"Apparel, Accessories & Luxury Goods",,1964,1988-11-30,99586424832,82.23596681818708,"[0.42734673605562634, 0.445601806783225, 0.43524610969014194, 0.4598372939413402]"
CMCSA,Comcast,Communication Services,Cable & Satellite,,1963,2002-11-19,109067788288,81.68156844326816,"[0.7007621372170273, 0.6976112920738328, 0.6853006333023133, 0.6696309661898011]"
META,Meta Platforms,Communication Services,Interactive Media & Services,,2004,2013-12-23,1800991932416,80.99775786554211,"[0.8166515705071702, 0.8075714222176098, 0.7834729737841848, 0.8079437627725157]"
BALL,Ball Corporation,Materials,"Metal, Glass & Plastic Containers",,1880,1984-10-31,13152956416,80.85712530227978,"[0.20771513353115728, 0.19806002321339744, 0.174095124139994, 0.19737890087611323]"
STZ,Constellation Brands,Consumer Staples,Distillers & Vintners,,1945,2005-07-01,24581251072,80.55905797143902,"[0.5205951786221557, 0.5036740348129856, 0.504517275670186, 0.5336651286179102]"
BDX,Becton Dickinson,Health Care,Health Care Equipment,,1897,1972-09-30,54201253888,79.0020137178711,"[0.452225195757756, 0.42174272145364444, 0.44923158452570217, 0.45115257958287597]"
UPS,United Parcel Service,Industrials,Air Freight & Logistics,,1907,2002-07-22,73238495232,78.78841801443657,"[0.17959811134292303, 0.1895160403702808, 0.2094321194363053, 0.20845539486262296]"
ANET,Arista Networks,Information Technology,Communications Equipment,,2004,2018-08-28,179857440768,78.61997165914191,"[0.6413264838402627, 0.6194841171788932, 0.6107068433870235, 0.6379767282432344]"
ADP,Automatic Data Processing,Industrials,Human Resource & Employment Services,,1949,1981-03-31,113939521536,78.34268404290853,"[0.46027168071436564, 0.45441242331767573, 0.4474078680005774, 0.42649242649242647]"
GWW,W. W. Grainger,Industrials,Industrial Machinery & Supplies & Components,,1927,1981-06-30,45679312896,77.81315353631841,"[0.39363932898415654, 0.39422259983007646, 0.3840950879957972, 0.36246352326831516]"
XOM,ExxonMobil,Energy,Integrated Oil & Gas,,1999,1957-03-04,478506844160,77.55655109283975,"[0.22621275943486605, 0.25139753269374987, 0.25852386028720137, 0.23450623798302805]"
DVA,DaVita,Health Care,Health Care Services,,1979,2008-07-31,9000419328,77.53017053313035,"[0.32905563943802646, 0.31469388303123513, 0.2928830357968815, 0.31383481439601707]"
D,Dominion Energy,Utilities,Multi-Utilities,,1983,2016-11-30,51701010432,76.98968515029027,"[0.49906632547202434, 0.5215035086500382, 0.5056679581001579, 0.5320956300902006]"
CSCO,Cisco,Information Technology,Communications Equipment,,1984,1993-12-01,277237694464,76.53319663350504,"[0.6808521904896389, 0.6809471590803486, 0.6526018456787958, 0.6573695133541517]"
INTU,Intuit,Information Technology,Application Software,,1983,2000-12-05,184398839808,76.15874166310593,"[0.8130741861823588, 0.8060178077985877, 0.8037305122494433, 0.8368694012258369]"
KDP,Keurig Dr Pepper,Consumer Staples,Soft Drinks & Non-alcoholic Beverages,,1981,2022-06-21,38076944384,75.52155478929728,"[0.5555989837795583, 0.5454299986499257, 0.5209504161627658, 0.5501064416936056]"
TECH,Bio-Techne,Health Care,Life Sciences Tools & Services,,1976,2021-08-30,9631196160,75.35295097419566,"[0.7124180595014082, 0.7331164909495625, 0.7433584175975761, 0.7462678602278041]"
AMCR,Amcor,Materials,Paper & Plastic Packaging Products & Materials,,2019 (1860),2019-06-07,18813132800,75.19781794819984,"[0.22053434605903124, 0.23020527859237536, 0.21444126854498435, 0.19389438943894388]"
RMD,ResMed,Health Care,Health Care Equipment,,1989,2017-07-26,39125250048,74.89874109891997,"[0.6306455069800267, 0.6029481162026655, 0.5946502871304783, 0.6112343133712135]"
CTVA,Corteva,Materials,Fertilizers & Agricultural Chemicals,,2019,2019-06-03,41696743424,74.46063057835593,"[0.46847646084693634, 0.4547776616742134, 0.43196791750214836, 0.4443308847013734]"
CL,Colgate-Palmolive,Consumer Staples,Household Products,,1806,1957-03-04,63946432512,74.17618378023526,"[0.631361623799811, 0.6075448424731459, 0.5962598096510269, 0.6223523333907354]"
MKC,McCormick & Company,Consumer Staples,Packaged Foods & Meats,,1889,2003-03-20,18122610688,73.71535690904057,"[0.385353302497137, 0.3756266698688121, 0.3581607747421463, 0.39484638883173206]"
CHD,Church & Dwight,Consumer Staples,Household Products,,1847,2015-12-29,21554497536,73.17740754831797,"[0.4568616855790801, 0.4411288535932787, 0.41855792841729295, 0.4361187645710102]"
ITW,Illinois Tool Works,Industrials,Industrial Machinery & Supplies & Components,,1912,1986-02-28,72659288064,73.05615017238794,"[0.46175619574789284, 0.4391258459055069, 0.4254958573939242, 0.4318920788654445]"
RL,Ralph Lauren Corporation,Consumer Discretionary,"Apparel, Accessories & Luxury Goods",,1967,2007-02-02,19853826048,72.29653163433046,"[0.6855346800395536, 0.6683053352233315, 0.6465019554286424, 0.6669614858888799]"
MGM,MGM Resorts,Consumer Discretionary,Casinos & Gaming,,1986,2017-07-26,8595792896,72.03016130916755,"[0.45514825662413805, 0.47083455593885, 0.49320201089546095, 0.48031650368693013]"
MDLZ,Mondelez International,Consumer Staples,Packaged Foods & Meats,,2012,2012-10-02,80819830784,71.25805437453701,"[0.42276556625778655, 0.41170590848511773, 0.3901130302260605, 0.42594011142061283]"
LMT,Lockheed Martin,Industrials,Aerospace & Defense,,1995,1957-03-04,115600220160,71.09167188854957,"[0.09754655631096659, 0.125482825472466, 0.12559105237633367, 0.13515005071296463]"
PH,Parker Hannifin,Industrials,Industrial Machinery & Supplies & Components,,1917,1985-11-30,92831465472,71.0023696876369,"[0.3685138539042821, 0.3576517812343201, 0.33721479150275374, 0.3348524941481343]"
F,Ford Motor Company,Consumer Discretionary,Automobile Manufacturers,,1903,1957-03-04,47439933440,69.77297824901284,"[0.08381984085798305, 0.09171864624186253, 0.10859373517148876, 0.12056534718096537]"
ALLE,Allegion,Industrials,Building Products,,1908,2013-12-02,15236898816,69.68022551864108,"[0.44231482954244206, 0.4331927248822176, 0.4041688315657569, 0.42020645881286184]"
CTAS,Cintas,Industrials,Diversified Support Services,,1929,2001-03-01,75591122944,69.3355739234947,"[0.5003939486165667, 0.4883405242369315, 0.4733980665781964, 0.46244381694525366]"
DDOG,Datadog,Information Technology,Application Software,,2010,2025-07-09,53312663552,68.99658255684093,"[0.8079440444812845, 0.8074065512444094, 0.793001611844069, 0.7723088617241326]"
IFF,International Flavors & Fragrances,Materials,Specialty Chemicals,,1958 (1889),1976-03-31,16338301952,68.62462382268806,"[0.3943747823058168, 0.3609199407613904, 0.370016077170418, 0.35681194234728897]"
LNT,Alliant Energy,Utilities,Electric Utilities,,1917,2016-07-01,17497636864,68.60697835571833,"[0.4471238382316001, 0.43059349391606655, 0.40642092746730085, 0.4240937585173072]"
GILD,Gilead Sciences,Health Care,Biotechnology,,1987,2004-07-01,152383488000,68.42385210561869,"[0.7826041594212979, 0.7603628853813247, 0.7926395659983139, 0.7582494048709028]"
KHC,Kraft Heinz,Consumer Staples,Packaged Foods & Meats,,2015 (1869),2015-07-06,30205452288,67.85341688888309,"[0.34697825582295133, 0.33506006006006006, 0.30666414951859544, 0.33338453267798174]"
HSY,Hershey Company (The),Consumer Staples,Packaged Foods & Meats,,1894,1957-03-04,38059446272,67.65931658430183,"[0.4731979600907424, 0.4476327434896505, 0.4317744561195797, 0.4512814533664269]"
PKG,Packaging Corporation of America,Materials,Paper & Plastic Packaging Products & Materials,,1959,2017-07-26,18295386112,67.5747599485468,"[0.21269667076211038, 0.2177406951707167, 0.24659117716442558, 0.24229331332548543]"
CDNS,Cadence Design Systems,Information Technology,Application Software,,1988,2017-09-18,88864432128,67.49562348272643,"[0.8959632548374753, 0.9248261485491638, 0.9284999542355683, 0.9344283800118063]"
CARR,Carrier Global,Industrials,Building Products,,"2020 (1915, United Technologies spinoff)",2020-04-03,47827484672,67.27211764188617,"[0.2659877256959886, 0.2723866814416126, 0.2485539102267469, 0.29010818415562994]"
APTV,Aptiv,Consumer Discretionary,Automotive Parts & Equipment,,1994,2012-12-24,18021801984,66.56447131936292,"[0.22644955105767767, 0.2053762904593287, 0.18571673623420434, 0.1959918043283391]"
A,Agilent Technologies,Health Care,Life Sciences Tools & Services,,1999,2000-06-05,40234377216,65.9520488007383,"[0.543010752688172, 0.507097907214986, 0.5435163551401869, 0.539167589808514]"
MO,Altria,Consumer Staples,Tobacco,,1985,1957-03-04,109276913664,65.60330626425035,"[0.7027489728037566, 0.696712515852112, 0.6886117556071152, 0.66278243569703]"
VRSK,Verisk Analytics,Industrials,Research & Consulting Services,,1971,2015-10-08,32461377536,65.59365884385818,"[0.6873026338619564, 0.6731185201760275, 0.7103724469363236, 0.7074923857868021]"
TKO,TKO Group Holdings,Communication Services,Movies & Entertainment,,2023,2025-03-24,15546869760,64.73648192743207,"[0.6791135600128515, 0.6927714439917658, 0.7144350684604704, 0.674784678238354]"
LRCX,Lam Research,Information Technology,Semiconductor Materials & Equipment,,1980,2012-06-29,178448678912,64.29100663998932,"[0.48705023885591736, 0.4731706377815375, 0.4462184273176213, 0.45694486440763266]"
CVS,CVS Health,Health Care,Health Care Services,,1996,1957-03-04,104662286336,64.1995757428493,"[0.13787489035940656, 0.15213709136442913, 0.1690157442466981, 0.17842532461975072]"
CRM,Salesforce,Information Technology,Application Software,,1999,2008-09-15,231412154368,63.00209109748506,"[0.7719224172054361, 0.7549703072553576, 0.7333503444756315, 0.7347878604861845]"
AAPL,Apple Inc.,Information Technology,"Technology Hardware, Storage & Peripherals",,1977,1982-11-30,3744081903616,62.589321292488016,"[0.4620634981523393, 0.4413112957720756, 0.43309630561360085, 0.4177935962516778]"
WDAY,"Workday, Inc.",Information Technology,Application Software,,2005,2024-12-23,62544748544,62.337865098007356,"[0.7550319677954062, 0.7560270009643202, 0.724903474903475, 0.7221249270286048]"
NOC,Northrop Grumman,Industrials,Aerospace & Defense,,"1994 (Northrop 1939, Grumman 1930)",1957-03-04,85122277376,62.102888774712184,"[0.2037871956717764, 0.1667345380503945, 0.20419649199497295, 0.2037737965065747]"
WSM,"Williams-Sonoma, Inc.",Consumer Discretionary,Homefurnishing Retail,,1956,2025-03-24,22575056896,61.933603560756,"[0.46453737326949307, 0.42623523801610497, 0.4239746601990658, 0.44045491015210403]"
AKAM,Akamai Technologies,Information Technology,Internet Services & Infrastructure,,1998,2007-07-12,10447070208,61.723669408283136,"[0.7167125012026555, 0.7185525929190539, 0.7427807581261575, 0.7549198650303665]"
MSI,Motorola Solutions,Information Technology,Communications Equipment,,1928 (2011),1957-03-04,74138730496,61.66344051957831,"[0.5265785337894056, 0.5160352776107436, 0.48419666374012293, 0.5191531024354424]"
FICO,Fair Isaac,Information Technology,Application Software,,1956,2023-03-20,38789906432,61.51558869376361,"[0.8047796656353383, 0.8034332370700278, 0.7939619682415213, 0.7644386480886204]"
EMN,Eastman Chemical Company,Materials,Specialty Chemicals,,1920,1994-01-01,7036930560,61.32955578943155,"[0.2440844169686634, 0.2237785016286645, 0.20198487712665406, 0.23864070255822833]"
EBAY,eBay Inc.,Consumer Discretionary,Broadline Retail,,1995,2002-07-22,42048569344,60.72587222461179,"[0.7494894486044928, 0.7576147151898734, 0.771107708014293, 0.7929942418426104]"
SOLV,Solventum,Health Care,Health Care Technology,,2023,2024-04-01,12511664128,60.52024444369407,"[0.556457475163557, 0.5725265340978407, 0.577490774907749, 0.6024966344388691]"
UNP,Union Pacific Corporation,Industrials,Rail Transportation,,1862,1957-03-04,134069649408,60.395720773224404,"[0.4552164948453608, 0.4365438036402836, 0.45045226130653265, 0.48220509998165473]"
CSX,CSX Corporation,Industrials,Rail Transportation,,1980,1957-03-04,68154208256,60.264406815550636,"[0.3674002751031637, 0.3728593845943918, 0.3848380798491887, 0.4104775594952883]"
CMG,Chipotle Mexican Grill,Consumer Discretionary,Restaurants,,1993,2011-04-28,56129445888,60.153593183033166,"[0.2667254029197657, 0.2619716320951039, 0.23881900509713652, 0.22618195347831427]"
LULU,Lululemon Athletica,Consumer Discretionary,"Apparel, Accessories & Luxury Goods",,1998,2023-10-18,19853010944,59.894187063555044,"[0.6341632126402726, 0.6220611359813075, 0.588788410308688, 0.6111911596954073]"
EPAM,EPAM Systems,Information Technology,IT Consulting & Other Services,,1993,2021-12-14,8049317376,59.79148055040572,"[0.31472226804908693, 0.31444737706106335, 0.3286821268398561, 0.35554864316002793]"
CMI,Cummins,Industrials,Construction Machinery & Heavy Transportation Equipment,,1919,1965-03-31,56744419328,59.23390080464713,"[0.274910562430356, 0.2683105827095259, 0.23933176604687612, 0.23708421797593773]"
TXT,Textron,Industrials,Aerospace & Defense,,1923,1978-12-31,14498783232,59.09665216802114,"[0.18260108013428697, 0.2081414894394504, 0.20747532830833787, 0.1683895978032628]"
EFX,Equifax,Industrials,Research & Consulting Services,,1899,1997-06-19,27954716672,59.082711506362436,"[0.5585538012004717, 0.5582124135835296, 0.5766077076256296, 0.5995653851621682]"
EME,Emcor,Industrials,Construction & Engineering,,1994,2025-09-22,30843015168,57.974290566835705,"[0.18982761087444314, 0.16604625986449995, 0.1447793992842259, 0.15163577211473023]"
J,Jacobs Solutions,Industrials,Construction & Engineering,,1947,2007-10-26,18574772224,57.42898352111989,"[0.2463064544022963, 0.2498161530933279, 0.26371659868871483, 0.21598321732945272]"
HAS,Hasbro,Consumer Discretionary,Leisure Products,,1923,1984-09-30,10490796032,57.011712301890405,"[0.6808850199492201, 0.6886654807826834, 0.7059777690508307, 0.7264967914771665]"
SLB,Schlumberger,Energy,Oil & Gas Equipment & Services,,1926,1957-03-04,48749219840,56.97727781459728,"[0.2055719363994599, 0.19806850762034103, 0.18372432451674914, 0.15953595882942997]"
TGT,Target Corporation,Consumer Staples,Consumer Staples Merchandise Retail,,1902,1976-12-31,41277616128,56.69792338975929,"[0.2863577501266821, 0.27901910401072505, 0.24861620234604107, 0.2956464317720862]"
ALGN,Align Technology,Health Care,Health Care Supplies,,1997,2017-06-19,9455846400,56.48078298097892,"[0.6999626407722708, 0.7008495026228166, 0.705229560586242, 0.7426420286071087]"
BAX,Baxter International,Health Care,Health Care Equipment,,1931,1972-09-30,11859510272,56.36177417973155,"[0.37457690861226023, 0.40057915057915056, 0.3528885353485135, 0.38860530215708877]"
AMD,Advanced Micro Devices,Information Technology,Semiconductors,,1969,2017-03-20,378252394496,56.18880955138756,"[0.5605584642233857, 0.5353615520282187, 0.5408669124189653, 0.5106486552269685]"
TT,Trane Technologies,Industrials,Building Products,,1871,2010-11-17,92526338048,55.63346462383922,"[0.3569124214898529, 0.33133457030366115, 0.3104610516705541, 0.3161766786451996]"
EL,Estée Lauder Companies (The),Consumer Staples,Personal Care Products,,1946,2006-01-05,36316786688,55.62605312421407,"[0.7397040346223649, 0.716555612506407, 0.7131363922061597, 0.757287027118453]"
PM,Philip Morris International,Consumer Staples,Tobacco,,2008 (1847),2008-03-31,246034497536,55.6109754336551,"[0.6481070806272771, 0.6334508443736852, 0.6410175681632139, 0.6806241044419679]"
DUK,Duke Energy,Utilities,Electric Utilities,,1904,1976-06-30,99948068864,54.78836204401943,"[0.5212306881444148, 0.5019614590502409, 0.47737068965517243, 0.5222777303927542]"
PG,Procter & Gamble,Consumer Staples,Personal Care Products,,1837,1957-03-04,354349481984,54.77044795171836,"[0.5116036258364577, 0.5139399564487916, 0.47857473843377313, 0.4742664022846596]"
GLW,Corning Inc.,Information Technology,Electronic Components,,1851,1995-02-27,72375713792,54.709203039784754,"[0.4196523860344565, 0.4113441372735939, 0.41123405454929873, 0.45554608720352224]"
T,AT&T,Communication Services,Integrated Telecommunication Services,,1983 (1885),1983-11-30,188341157888,54.177121720689435,"[0.5976572717760921, 0.5905920214330055, 0.5788671619416769, 0.5493292946776287]"
TPL,Texas Pacific Land Corporation,Energy,Oil & Gas Exploration & Production,,1888,2024-11-26,21577205760,53.06881436648979,"[0.8990030078362422, 0.9234905279490813, 0.9507972467194669, 0.934605883474736]"
MAS,Masco,Industrials,Building Products,,1929,1981-06-30,14209510400,52.63013368757032,"[0.3616504854368932, 0.3559683695242877, 0.31255760368663593, 0.3418507462686567]"
PCAR,Paccar,Industrials,Construction Machinery & Heavy Transportation Equipment,,1905,1980-12-31,49722040320,52.5525881529174,"[0.21036840760698436, 0.22961562768664917, 0.1922920779883205, 0.17910238369547196]"
AEE,Ameren,Utilities,Multi-Utilities,,1902,1991-09-19,28533653504,52.088046443194926,"[0.48117539026629935, 0.47733333333333333, 0.4388588664069373, 0.4882702533625274]"
CDW,CDW Corporation,Information Technology,Technology Distributors,,1984,2019-09-23,19980210176,51.69314564143126,"[0.2191754727673618, 0.21764595808383233, 0.19734132815690963, 0.1713911088911089]"
FTNT,Fortinet,Information Technology,Systems Software,,2000,2018-10-11,63937241088,51.597106607737985,"[0.8056348433459821, 0.7667772583320767, 0.7544030425136958, 0.7657231763509066]"
EA,Electronic Arts,Communication Services,Interactive Home Entertainment,,1982,2002-07-22,49943580672,51.51997049335593,"[0.8319710572155969, 0.8085162655382174, 0.8095879342849448, 0.777428121870977]"
MHK,Mohawk Industries,Consumer Discretionary,Home Furnishings,,1878,2013-12-23,7913120256,51.45645443480125,"[0.24801373086399248, 0.24333863189374141, 0.25077744928474666, 0.2918352772299159]"
K,Kellanova,Consumer Staples,Packaged Foods & Meats,,1906,1989-09-11,28887830528,50.96267965327116,"[0.3564985489057965, 0.32639841487578114, 0.30119339287125585, 0.3250191538265089]"
HWM,Howmet Aerospace,Industrials,Aerospace & Defense,,1888,2016-10-21,76465004544,50.486242804720064,"[0.2737550471063257, 0.24021084337349397, 0.22867737948084055, 0.22244569589702334]"
NTAP,NetApp,Information Technology,"Technology Hardware, Storage & Peripherals",,1992,1999-06-25,23768561664,49.68903730371703,"[0.7019172245891662, 0.7072431397574984, 0.6615844074190507, 0.6679328901551124]"
IR,Ingersoll Rand,Industrials,Industrial Machinery & Supplies & Components,,1859,2020-03-03,30691282944,49.55712367071355,"[0.4532135452660677, 0.432483529907942, 0.4074844074844075, 0.4032489713531558]"
ECL,Ecolab,Materials,Specialty Chemicals,,1923,1989-01-31,78493188096,49.32662502617769,"[0.4346309731027736, 0.40242947220010183, 0.3775638224389969, 0.40188956342131926]"
VMC,Vulcan Materials Company,Materials,Construction Materials,,1909,1999-06-30,39022870528,48.99687923550688,"[0.26957143049732396, 0.2503887225484779, 0.21294017935258092, 0.2473614062893988]"
GEV,GE Vernova,Industrials,Heavy Electrical Equipment,,2024,2024-04-02,163334356992,48.8981632936121,"[0.1741806211535709, 0.1449502090917296, 0.1166115869697174, 0.1498212446221899]"
PSX,Phillips 66,Energy,Oil & Gas Refining & Marketing,,2012 (1917),2012-05-01,52241145856,48.681113107948626,"[0.07563935090427724, 0.11761273821396347, 0.1084122595446791, 0.0696921310416592]"
PPG,PPG Industries,Materials,Specialty Chemicals,,1883,1957-03-04,22924349440,48.55414629998055,"[0.41609340485957713, 0.4041374214998153, 0.3611502497758422, 0.3878109748839424]"
TAP,Molson Coors Beverage Company,Consumer Staples,Brewers,,"2005 (Molson 1786, Coors 1873)",1976-06-30,9367352320,48.29751172250548,"[0.3899028124193687, 0.37333470060929236, 0.34157555368657133, 0.39431111802873625]"
MNST,Monster Beverage,Consumer Staples,Soft Drinks & Non-alcoholic Beverages,,2012 (1935),2012-06-28,68564787200,48.02196821375475,"[0.54037571724726, 0.5313993910667285, 0.5030172475261644, 0.5609665294678988]"
AWK,American Water Works,Utilities,Water Utilities,,1886,2016-03-04,28057122816,47.66675473760863,"[0.60333048676345, 0.593764761454889, 0.5809599156118144, 0.5478371501272264]"
MRK,Merck & Co.,Health Care,Pharmaceuticals,,1891,1957-03-04,211787055104,47.624238399205105,"[0.7632308939035033, 0.731747483989021, 0.7063070357438052, 0.7202283180026281]"
AES,AES Corporation,Utilities,Independent Power Producers & Energy Traders,,1981,1998-10-02,10381682688,47.49148422387212,"[0.1884671770646685, 0.19766340385222608, 0.20194975033684712, 0.24333542769948838]"
PANW,Palo Alto Networks,Information Technology,Systems Software,,2005,2023-06-20,140714688512,47.22516618015901,"[0.734143035297945, 0.7434817813765182, 0.722938761298185, 0.6875942924656911]"
ADI,Analog Devices,Information Technology,Semiconductors,,1965,1999-10-12,119481212928,46.87480127358536,"[0.7139877908047993, 0.7485005736034805, 0.7339300395132227, 0.6918061141638903]"
DHI,D. R. Horton,Consumer Discretionary,Homebuilding,,1978,2005-06-22,45818605568,46.45071603536804,"[0.2591042732069976, 0.26368568882471716, 0.3137425328554361, 0.28353651950371206]"
DGX,Quest Diagnostics,Health Care,Health Care Services,,1967,2002-12-12,21191659520,46.333833744531056,"[0.3656807131280389, 0.3657587548638132, 0.3794394414651422, 0.41842788283277715]"
BLDR,Builders FirstSource,Industrials,Building Products,,1998,2023-12-18,13546420224,46.259402293904586,"[0.3282245435075972, 0.35165338681536823, 0.34076549150860463, 0.29410869365898695]"
APD,Air Products,Materials,Industrial Gases,,1940,1985-04-30,56350580736,46.17366475503914,"[0.3249343007784738, 0.298968253968254, 0.2646039720914117, 0.30387484258452]"
KMB,Kimberly-Clark,Consumer Staples,Household Products,,1872,1957-03-04,40291356672,45.42809612677265,"[0.35796191045966697, 0.34418285938035337, 0.30825278810408924, 0.3080246913580247]"
PNR,Pentair,Industrials,Industrial Machinery & Supplies & Components,,1966,2012-10-01,17834080256,44.418748764502645,"[0.39159400411482315, 0.37013034474357415, 0.3310689504585375, 0.35040373990650237]"
TPR,"Tapestry, Inc.",Consumer Discretionary,"Apparel, Accessories & Luxury Goods",,2017,2004-09-01,24182382592,44.071883086404945,"[0.7544039824839175, 0.7329266099052644, 0.707847287904037, 0.6956990051611938]"
GNRC,Generac,Industrials,Electrical Components & Equipment,,1959,2021-03-22,11177182208,43.631295958766586,"[0.40496234258586344, 0.3549483464577108, 0.34499797031022816, 0.3752121918535453]"
AEP,American Electric Power,Utilities,Electric Utilities,,1906,1957-03-04,62854426624,43.52836757550079,"[0.6370168295193521, 0.5913034774500455, 0.5791949896891468, 0.6208075273939971]"
EIX,Edison International,Utilities,Electric Utilities,,1886,1957-03-04,21804695552,43.49597847580047,"[0.4142849025512813, 0.4162076141510589, 0.3596399535423926, 0.388460248238846]"
PNW,Pinnacle West Capital,Utilities,Multi-Utilities,,1985,1999-10-04,11124647936,43.31043911102382,"[0.4288912108786195, 0.40560171431333664, 0.40990545476408785, 0.4641323821879761]"
LII,Lennox International,Industrials,Building Products,,1895,2024-12-23,18368241664,42.970777344348065,"[0.33173571976859567, 0.3106846785363014, 0.272274499830451, 0.28335042082926015]"
LEN,Lennar,Consumer Discretionary,Homebuilding,,1954,2005-10-04,31821651968,42.54718105060007,"[0.1551561431512456, 0.1735436708151924, 0.2138974744149344, 0.20407302051743936]"
TDG,TransDigm Group,Industrials,Aerospace & Defense,,1993,2016-06-03,71332700160,42.376065391481106,"[0.6074307304785894, 0.603037205770691, 0.59237428624056, 0.5479366402667778]"
SWKS,Skyworks Solutions,Information Technology,Semiconductors,,2002,2015-03-12,11179564032,42.22980406540977,"[0.5196744853997127, 0.5631967144413712, 0.5825357761370887, 0.5701787007496428]"
ETN,Eaton Corporation,Industrials,Electrical Components & Equipment,,1911,1957-03-04,145325686784,41.89568700962107,"[0.38198408232173003, 0.3635971719261942, 0.3318716268311488, 0.322753209700428]"
NFLX,Netflix,Communication Services,Movies & Entertainment,,1997,2010-12-20,509639655424,41.148410547119816,"[0.46056556650417324, 0.4153783955346952, 0.39370705238403253, 0.4163656122646479]"
LYV,Live Nation Entertainment,Communication Services,Movies & Entertainment,,2010,2019-12-23,35996340224,40.91478360628787,"[0.2516654592566601, 0.2409447602090563, 0.25979120034980585, 0.30509279252101834]"
DASH,DoorDash,Consumer Discretionary,Specialized Consumer Services,,2012,2025-03-24,112377864192,40.096000888624886,"[0.48311882111546356, 0.4685581933989577, 0.4549597447972049, 0.5216857610474632]"
EMR,Emerson Electric,Industrials,Electrical Components & Equipment,,1890,1965-03-31,72758779904,39.872384889488735,"[0.542933912645781, 0.5272667326079788, 0.493480150680962, 0.48059078255490256]"
NSC,Norfolk Southern,Industrials,Rail Transportation,,1881/1894 (1980),1957-03-04,65023062016,39.82525952910783,"[0.37474222552173553, 0.3648404080289569, 0.41106316202432325, 0.4257763417698797]"
SMCI,Supermicro,Information Technology,"Technology Hardware, Storage & Peripherals",,1993,2024-03-18,31009179648,39.593101567971495,"[0.11059154174200105, 0.13752588438208152, 0.18011023260815426, 0.1539618471472541]"
WST,West Pharmaceutical Services,Health Care,Health Care Supplies,,1923,2020-05-22,19458123776,39.369934703011864,"[0.34511959076455134, 0.3828056139399281, 0.39357095846756035, 0.41524226585675944]"
LIN,Linde plc,Materials,Industrial Gases,,1879,1992-07-01,211426623488,38.38274282048248,"[0.48059384941675504, 0.467583855847081, 0.4170363265795468, 0.43029259896729777]"
SHW,Sherwin-Williams,Materials,Specialty Chemicals,,1866,1964-06-30,82464497664,37.862874879490434,"[0.48466783557373855, 0.46669038127009055, 0.4210186510391035, 0.4283214504176569]"
AMZN,Amazon,Consumer Discretionary,Broadline Retail,,1994,2005-11-18,2272052641792,37.58405449403157,"[0.48854393464156787, 0.46982088955000567, 0.43805339865326287, 0.420325144416396]"
EXPE,Expedia Group,Consumer Discretionary,"Hotels, Resorts & Cruise Lines",,1996,2007-10-02,26569158656,37.563339417091186,"[0.894602293477467, 0.8774826699898746, 0.8579754864146739, 0.8229820888578739]"
LLY,Lilly (Eli),Health Care,Pharmaceuticals,,1876,1970-12-31,719702392832,37.41228959876817,"[0.8131040101947707, 0.7924575300154436, 0.7677128662223998, 0.7417650714729646]"
ORCL,Oracle Corporation,Information Technology,Application Software,,1977,1989-08-31,830464393216,36.83800988044696,"[0.7724699036568581, 0.7731538301769226, 0.7790367137766745, 0.8372997172478793]"
ED,Consolidated Edison,Utilities,Multi-Utilities,,1823,1957-03-04,36494344192,36.77918680506289,"[0.5353303618248558, 0.5050126167905613, 0.49042756860242503, 0.5606902603100322]"
EW,Edwards Lifesciences,Health Care,Health Care Equipment,,1958,2011-04-01,43821146112,36.62232134568754,"[0.7945583233753102, 0.8047105788423153, 0.8378808243727599, 0.7613186813186813]"
MLM,Martin Marietta Materials,Materials,Construction Materials,,1993,2014-07-02,37715378176,36.36213616366244,"[0.28733170134638925, 0.2985096650435296, 0.2309689985391982, 0.2490579977835242]"
EVRG,Evergy,Utilities,Electric Utilities,,1909,2018-06-05,17947512832,36.30427761810114,"[0.5286371487695175, 0.5133982063105915, 0.4582785752077964, 0.4802835305278608]"
SJM,J.M. Smucker Company (The),Consumer Staples,Packaged Foods & Meats,,1897,2008-11-06,11233947648,36.027943034767134,"[0.4203366910761967, 0.4102241187474782, 0.3547694977254608, 0.3670754728775207]"
ON,ON Semiconductor,Information Technology,Semiconductors,,1999,2022-06-21,21483403264,35.77035647785408,"[0.5375372407268825, 0.5382164061553375, 0.5462035502390046, 0.47657200510400904]"
MMM,3M,Industrials,Industrial Conglomerates,,1902,1957-03-04,81300594688,34.60320348142383,"[0.4121261444557477, 0.3911824461600975, 0.4381372520377458, 0.4683920237590157]"
XEL,Xcel Energy,Utilities,Multi-Utilities,,1909,1957-03-04,48000151552,34.25797763818083,"[0.46715274161148723, 0.42925524426298745, 0.39196603527106466, 0.40160821979003797]"
LYB,LyondellBasell,Materials,Specialty Chemicals,,2007,2012-09-05,14856939520,34.04791013113364,"[0.11324500024812664, 0.1279100883061279, 0.13089928841846543, 0.19006778853442488]"
BMY,Bristol Myers Squibb,Health Care,Pharmaceuticals,,1989 (1887),1957-03-04,88806064128,34.030733442565825,"[0.725879917184265, 0.7782517886504021, 0.7951428757122121, 0.8]"
PCG,PG&E Corporation,Utilities,Multi-Utilities,,1905,2022-10-03,36088487936,34.019790122211155,"[0.375035832753184, 0.340060586212543, 0.323570110701107, 0.2936246487743436]"
DXCM,Dexcom,Health Care,Health Care Equipment,,1999,2020-05-12,26117539840,33.82877529235999,"[0.6045623605256633, 0.6318913397565082, 0.647157880266685, 0.6863385746375332]"
CAT,Caterpillar Inc.,Industrials,Construction Machinery & Heavy Transportation Equipment,,1925,1957-03-04,246925869056,33.56067749766492,"[0.359888287120616, 0.346898300029824, 0.2946808689652851, 0.29434384257715174]"
MPC,Marathon Petroleum,Energy,Oil & Gas Refining & Marketing,,2009 (1887),2011-07-01,56082628608,33.400283535689944,"[0.06687838460652148, 0.11124215690899655, 0.12717170180273085, 0.05509947242526025]"
VLO,Valero Energy,Energy,Oil & Gas Refining & Marketing,,1980,2002-12-20,49011527680,32.95736619435536,"[0.03664893248435106, 0.08903333655692636, 0.09496946984686733, 0.027040543267501337]"
COP,ConocoPhillips,Energy,Oil & Gas Exploration & Production,,2002,1957-03-04,108008538112,32.60158239714132,"[0.29926020641154444, 0.3242371885075079, 0.3823604351924988, 0.3222484070873702]"
LW,Lamb Weston,Consumer Staples,Packaged Foods & Meats,,2016 (1950),2018-12-03,9059305472,32.5594006012699,"[0.21679351448545253, 0.27316160554146823, 0.26765222591858856, 0.2029812876625436]"
HUBB,Hubbell Incorporated,Industrials,Industrial Machinery & Supplies & Components,,1888,2023-10-18,22622232576,32.38926964938875,"[0.33829617127120903, 0.3514117143442089, 0.2974191070959397, 0.27455234734508]"
DLTR,Dollar Tree,Consumer Staples,Consumer Staples Merchandise Retail,,1986,2011-12-19,19670659072,32.17596372683457,"[0.35807378331484485, 0.3587190351049693, 0.3751289621386627, 0.2939569624485206]"
PODD,Insulet Corporation,Health Care,Health Care Equipment,,2000,2023-03-15,22426357760,31.80076321117136,"[0.6978663834717127, 0.6834600200341759, 0.6171761280931587, 0.6844739716053877]"
DOW,Dow Inc.,Materials,Commodity Chemicals,,2019 (1897),2019-04-01,15516598272,31.798133694001287,"[0.16734940880737362, 0.16061583972031734, 0.1930687849284735, 0.24070368214233737]"
DECK,Deckers Brands,Consumer Discretionary,Footwear,,1973,2024-03-18,14807633920,31.719847182338835,"[0.57879814955516, 0.5563479138189308, 0.5032329956887877, 0.510278735082161]"
ABBV,AbbVie,Health Care,Biotechnology,,2013 (1888),2012-12-31,405548793856,31.62856864480201,"[0.6999325451769801, 0.6241577377664862, 0.7000378957522306, 0.6895563820132747]"
UBER,Uber,Industrials,Passenger Ground Transportation,,2009,2023-12-18,192484147200,31.42455994123927,"[0.3945836554640957, 0.39762881896944824, 0.383285754619318, 0.464279576052707]"
RVTY,Revvity,Health Care,Health Care Equipment,,1937,1985-05-31,10843499520,31.070416477115714,"[0.5581286710179868, 0.5597714074641229, 0.6008263729149694, 0.6358696674441351]"
FCX,Freeport-McMoRan,Materials,Copper,,1912,2011-07-01,59125178368,30.768764031977394,"[0.3009231978000393, 0.313279369940932, 0.3375768217734855, 0.3858612387831035]"
DE,Deere & Company,Industrials,Agricultural & Farm Machinery,,1837,1957-03-04,123946033152,29.817448699156373,"[0.4105269408923552, 0.3893407250033196, 0.32756132756132755, 0.34350382264773544]"
SWK,Stanley Black & Decker,Industrials,Industrial Machinery & Supplies & Components,,1843,1982-09-30,10502652928,29.195054784379405,"[0.29379722368652256, 0.24919682404902066, 0.2527880382831585, 0.33323081151472717]"
MCHP,Microchip Technology,Information Technology,Semiconductors,,1989,2007-09-07,35152035840,27.992956546760343,"[0.6195701563067976, 0.6902703552342031, 0.7141384336449927, 0.6935448401237373]"
DAY,Dayforce,Industrials,Human Resource & Employment Services,,1992,2021-09-20,10785522688,27.72855649411826,"[0.46142045454545455, 0.4270991609962344, 0.37971433156796663, 0.3732669400507713]"
CLX,Clorox,Consumer Staples,Household Products,,1913,1969-03-31,14578733056,27.591836928875345,"[0.48015202702702703, 0.458762159875934, 0.42143727161997563, 0.38525397495427044]"
IBM,IBM,Information Technology,IT Consulting & Other Services,,1911,1957-03-04,262017728512,27.471686651908797,"[0.6233008780456711, 0.6094568380213385, 0.540029737320337, 0.5490052483827658]"
SRE,Sempra,Utilities,Multi-Utilities,,1998,2017-03-17,59564212224,27.46980836642835,"[0.4620401971937808, 0.39593301435406697, 0.36089756908373155, 0.4120712452360582]"
CNP,CenterPoint Energy,Utilities,Multi-Utilities,,1882,1985-07-31,25879564288,27.135011678516662,"[0.46002545412472523, 0.4238730450781969, 0.36444587490612596, 0.38397988505747127]"
TSLA,"Tesla, Inc.",Consumer Discretionary,Automobile Manufacturers,,2003,2020-12-21,1460772012032,27.057971578261075,"[0.17862626676220697, 0.18248891736331416, 0.25598438535759005, 0.25279155751258753]"
TRMB,Trimble Inc.,Information Technology,Electronic Equipment & Instruments,,1978,2021-01-21,18418806784,26.960972501338265,"[0.6848749762441289, 0.6528022744623161, 0.6068057557870685, 0.5913202700117515]"
ETR,Entergy,Utilities,Electric Utilities,,1913,1957-03-04,42783842304,26.884526934141203,"[0.5192644094907486, 0.47161584706273235, 0.4144580625863969, 0.4624518517408312]"
TSN,Tyson Foods,Consumer Staples,Packaged Foods & Meats,,1935,2005-08-10,18670776320,26.74383137562259,"[0.06803729201448161, 0.04975321949282351, 0.12514545249802936, 0.1387064549724755]"
WEC,WEC Energy Group,Utilities,Electric Utilities,,1896,2008-10-31,37606871040,26.479086184832116,"[0.44022604914010627, 0.4049589564826268, 0.3438952216225228, 0.36069023569023567]"
PPL,PPL Corporation,Utilities,Electric Utilities,,1920,2001-10-01,27687450624,26.474192175280855,"[0.41018671708815885, 0.40387391722810395, 0.3719311566691977, 0.4758775721943628]"
SW,Smurfit Westrock,Materials,Paper & Plastic Packaging Products & Materials,,1934,2024-07-08,21615978496,26.20839317258492,"[0.19873039935572503, 0.2525427933515257, 0.2422088977718558, 0.30592658553477786]"
CMS,CMS Energy,Utilities,Multi-Utilities,,1886,1957-03-04,22384304128,26.186139590608867,"[0.4270126413838989, 0.38354328598231036, 0.321312238250349, 0.3614408514121981]"
TMO,Thermo Fisher Scientific,Health Care,Life Sciences Tools & Services,,2006 (1902),2004-08-03,203502714880,25.250172496355642,"[0.41283612024534155, 0.39900133000443333, 0.4223755983524435, 0.5008288490474612]"
EOG,EOG Resources,Energy,Oil & Gas Exploration & Production,,1999,2000-11-02,57995419648,25.230096946827626,"[0.6833775344340833, 0.7167630057803468, 0.7809575478095755, 0.6843764299150948]"
VTRS,Viatris,Health Care,Pharmaceuticals,,1961,2004-04-23,11856919552,24.967747674655236,"[0.38153779351800965, 0.41736188087042764, 0.3995031575322671, 0.3117190251756931]"
LUV,Southwest Airlines,Industrials,Passenger Airlines,,1967,1994-07-01,17604292608,24.822466603348296,"[0.16224575191936833, 0.16185657889693764, 0.19954648526077098, 0.26060797973400884]"
FE,FirstEnergy,Utilities,Electric Utilities,,1997,1997-11-28,27120662528,24.744009506237592,"[0.6756977434679335, 0.624941724941725, 0.6266955614415282, 0.7230506647502695]"
LH,Labcorp,Health Care,Health Care Services,,1978,2004-11-01,23761614848,24.664441226152924,"[0.3083658110985556, 0.3060781476121563, 0.3415824475931186, 0.40650573610127816]"
TMUS,T-Mobile US,Communication Services,Wireless Telecommunication Services,,1994,2019-07-15,258092335104,24.12706754522751,"[0.6357125307125308, 0.6157234145472136, 0.5449849819657916, 0.5431114106692628]"
ES,Eversource Energy,Utilities,Electric Utilities,,1966,2009-07-24,26928115712,24.05737859505547,"[0.5169232612673642, 0.4069247790118217, 0.44021369421423584, 0.4817008065934746]"
TXN,Texas Instruments,Information Technology,Semiconductors,,1930,2001-03-12,160535445504,23.940244883701144,"[0.5814206252797136, 0.628974256521491, 0.6875873776712602, 0.6746620148277366]"
CHTR,Charter Communications,Communication Services,Cable & Satellite,,1993,2016-09-08,34579374080,23.56630874038214,"[0.5587183443768721, 0.5487757979746186, 0.5462774425234164, 0.45385240509268215]"
BA,Boeing,Industrials,Aerospace & Defense,,1916,1957-03-04,161016217600,21.53819516495184,"[-0.029932197784025137, 0.09928786281718384, 0.05299663704059573, 0.04895161031371416]"
NI,NiSource,Utilities,Multi-Utilities,,1912,2000-11-02,20364478464,20.87893054498067,"[0.5146926729115873, 0.44995822283576126, 0.38469558677742455, 0.41866682994530163]"
STLD,Steel Dynamics,Materials,Steel,,1993,2022-12-22,21013454848,20.693052759644978,"[0.18534177404265242, 0.2367419095268204, 0.29083427197994105, 0.3085931494905983]"
WYNN,Wynn Resorts,Consumer Discretionary,Casinos & Gaming,,2002,2008-11-14,12249474048,20.669034838357483,"[0.4351226107999188, 0.4322379853815821, 0.36376541361388937, 0.3201887841210055]"
TTWO,Take-Two Interactive,Communication Services,Interactive Home Entertainment,,1993,2018-03-19,48211288064,20.00246750344218,"[0.7410891792104516, 0.7163526244952894, 0.7364062879679995, 0.617838393060945]"
STX,Seagate Technology,Information Technology,"Technology Hardware, Storage & Peripherals",,1979,2012-07-02,48003047424,19.95265717246962,"[0.3793558315928328, 0.2747672111128072, 0.25203141928494044, 0.3352199639825058]"
PSKY,Paramount Skydance Corporation,Communication Services,Movies & Entertainment,,2025 (Paramount Pictures 1912),1994-09-30,18382493696,19.89804138861444,"[0.2963749015849108, 0.24497504384189936, 0.3418783577634808, 0.3792765689498356]"
APA,APA Corporation,Energy,Oil & Gas Exploration & Production,,1954,1997-07-28,8057351168,19.503895652628024,"[0.44181986238061005, 0.5105689092885615, 0.5647855530474041, 0.443331246086412]"
PFE,Pfizer,Health Care,Pharmaceuticals,,1849,1957-03-04,139352850432,19.285306334519525,"[0.7465855690194414, 0.6071296638345032, 0.6749295774647888, 0.6391841354197422]"
SO,Southern Company,Utilities,Electric Utilities,,1945,1957-03-04,107584634880,19.215642040650554,"[0.5183729980541835, 0.4818833405931969, 0.3766522080672154, 0.46099597629039935]"
LVS,Las Vegas Sands,Consumer Discretionary,Casinos & Gaming,,1988,2019-10-03,33320460288,19.202831661158697,"[0.4886705611612675, 0.4981681450057848, 0.40145985401459855, 0.379782711384034]"
WBD,Warner Bros. Discovery,Communication Services,Broadcasting,,2022 (Warner Bros. 1923),2022-04-11,45034295296,19.14409913565548,"[0.7705043106736859, 0.7942450569928123, 0.8142650146376083, 0.9082109753096547]"
ATO,Atmos Energy,Utilities,Gas Utilities,,1906,2019-02-15,28317962240,18.718414279912405,"[0.5791713553317054, 0.48142833452270767, 0.430507023173211, 0.4976548720612533]"
GE,GE Aerospace,Industrials,Aerospace & Defense,,1892,1957-03-04,318280269824,18.177015416221565,"[0.37191876388817113, 0.3510523933461582, 0.34839905281581385, 0.23182631178168553]"
NEM,Newmont,Materials,Gold,,1921,1969-06-30,99706273792,17.98259918843028,"[0.3823466438282839, 0.25440230274297326, 0.2737725556021821, 0.36524300441826213]"
DVN,Devon Energy,Energy,Oil & Gas Exploration & Production,,1971,2000-08-30,20148551680,17.691776883496374,"[0.2954830614805521, 0.35174990169091624, 0.4365903281339663, 0.3014091430444044]"
AMGN,Amgen,Health Care,Biotechnology,,1980,1992-01-02,160867909632,17.60930572749748,"[0.6153063666826233, 0.7002128414331323, 0.7566386810014056, 0.7515685746179607]"
TRGP,Targa Resources,Energy,Oil & Gas Storage & Transportation,,2005,2022-10-12,31992571904,17.1808494740772,"[0.2597747459023899, 0.2524423578638008, 0.141028581257346, 0.13862700444843007]"
KMI,Kinder Morgan,Energy,Oil & Gas Storage & Transportation,,1997,2012-05-25,60840484864,17.150429182869697,"[0.5568874172185431, 0.5312377722707708, 0.40411458333333333, 0.48055388320288983]"
DTE,DTE Energy,Utilities,Multi-Utilities,,1995,1957-03-04,29467088896,16.870237424984953,"[0.3161274785261299, 0.3118870145154963, 0.17495319325982941, 0.22841486233627373]"
PEG,Public Service Enterprise Group,Utilities,Electric Utilities,,1903,1957-03-04,42297008128,16.812285260149743,"[0.36268221574344023, 0.4463824864287621, 0.28438775510204084, 0.3275046286772269]"
HOLX,Hologic,Health Care,Health Care Equipment,,1985,2016-03-30,15535986688,16.797888906744227,"[0.6221869339751384, 0.5872369988090512, 0.6955457760960764, 0.7386857944356657]"
WDC,Western Digital,Information Technology,"Technology Hardware, Storage & Peripherals",,1970,2009-07-01,43260792832,16.745622537548606,"[0.3878151260504202, 0.28067120468576856, 0.22238209432454037, 0.31256318842122066]"
OKE,Oneok,Energy,Oil & Gas Storage & Transportation,,1906,2010-03-15,42880081920,16.338196665110083,"[0.33427043967185915, 0.2816654409684901, 0.1720194755885112, 0.22134220072551392]"
NEE,NextEra Energy,Utilities,Multi-Utilities,,1984 (1925),1976-06-30,174071988224,15.823603214570396,"[0.6126934108996889, 0.6490716369068792, 0.4975186104218362, 0.518542386783057]"
CEG,Constellation Energy,Utilities,Electric Utilities,,1999,2022-02-02,120744755200,15.645087600813586,"[0.2916666666666667, 0.16128902801187897, 0.11845335515548282, 0.19965392640846863]"
NRG,NRG Energy,Utilities,Independent Power Producers & Energy Traders,,1992,2010-01-29,32639514624,15.440740021437152,"[0.20255954496978315, 0.07549526419873018, 0.12896680721554704, 0.24298788395272147]"
OXY,Occidental Petroleum,Energy,Oil & Gas Exploration & Production,,1920,1957-03-04,40263585792,15.227578968578692,"[0.35734331150608045, 0.35775206143610433, 0.4816563847791669, 0.3024348898135306]"
MOS,Mosaic Company (The),Materials,Fertilizers & Agricultural Chemicals,,2004 (1865 / 1909),2011-09-26,9305532416,14.726109263525931,"[0.13592800374006545, 0.1614036112469973, 0.30095371551670047, 0.25897842588246717]"
NUE,Nucor,Materials,Steel,,1940,1985-04-30,30248179712,14.440404164622743,"[0.13346782065464957, 0.22512530967333064, 0.30119001734438233, 0.3021991128753943]"
WMB,Williams Companies,Energy,Oil & Gas Storage & Transportation,,1908,1975-03-31,76274745344,14.40439450566486,"[0.5870703608492811, 0.6235445126982672, 0.5015047879616963, 0.4472569869201092]"
CF,CF Industries,Materials,Fertilizers & Agricultural Chemicals,,1946,2008-08-27,13526362112,14.27439898059437,"[0.3463611859838275, 0.3838033479113256, 0.523958519578044, 0.36509635974304067]"
NVDA,Nvidia,Information Technology,Semiconductors,,1993,2001-11-30,4460857262080,14.085404148481828,"[0.7498869705816992, 0.7271757329043695, 0.5692889449099132, 0.6492903321691313]"
APP,AppLovin,Information Technology,Application Software,,2012,2025-09-22,202716561408,14.077856419759923,"[0.7522309294392651, 0.6773795516232132, 0.5541217113740647, 0.6462376624715729]"
DAL,Delta Air Lines,Industrials,Passenger Airlines,,1929,2013-09-11,38942699520,12.635713593332074,"[0.26859497428742923, 0.26733048511576624, 0.22063184532046973, 0.07495233954312853]"
INTC,Intel,Information Technology,Semiconductors,,1968,1976-12-31,176064626688,12.165763591213208,"[0.32664168283083184, 0.400365125027661, 0.426079233672725, 0.5544518121077141]"
EXC,Exelon,Utilities,Electric Utilities,,2000,1957-03-04,48257191936,11.681075469176301,"[0.3790602744484975, 0.37773277488838775, 0.39181255896844536, 0.5801650128219422]"
FANG,Diamondback Energy,Energy,Oil & Gas Exploration & Production,,2007,2018-12-03,40264622080,10.916083257731739,"[0.4510568810668602, 0.5753687492505096, 0.700501777127326, 0.6328738698680895]"
UAL,United Airlines Holdings,Industrials,Passenger Airlines,,1967,2015-09-03,32095383552,9.43449178548762,"[0.28901389692094703, 0.28294580858945956, 0.23668112557001447, 0.02926849070390517]"
CTRA,Coterra,Energy,Oil & Gas Exploration & Production,,2021 (1989),2008-06-23,17399590912,9.036172089720242,"[0.365518504946867, 0.4643219479201894, 0.663020660700475, 0.5616120614670919]"
VST,Vistra Corp.,Utilities,Electric Utilities,,2016,2024-05-08,68221472768,6.600228927746531,"[0.48264050162563865, 0.4042222071858718, 0.1553758741258741, 0.13629212552786288]"
ALB,Albemarle Corporation,Materials,Specialty Chemicals,,1994,2016-07-01,10913914880,6.356531778991941,"[0.011629697373848122, 0.12331121636924998, 0.4200195789568017, 0.29987496833642985]"
FSLR,First Solar,Information Technology,Semiconductors,,1999,2022-12-19,24865368064,6.209454754938261,"[0.4416871974322259, 0.3919358211680702, 0.02667029101839066, 0.24969547205167175]"
MRNA,Moderna,Health Care,Biotechnology,,2010,2021-07-21,10159005696,4.898087560309,"[0.5423569865582994, 0.3051525022209061, 0.7130596026490066, 0.85244700045106]"
MU,Micron Technology,Information Technology,Semiconductors,,1978,1994-09-27,227164684288,4.803667800587618,"[0.22352753773246783, -0.09111969111969112, 0.4518499252227063, 0.3762136798411839]"
EQT,EQT Corporation,Energy,Oil & Gas Exploration & Production,,1888,2022-10-03,33749334016,4.7923906457179495,"[0.14691512682796803, 0.18571643844100433, 0.6638288931019262, 0.43796611111151723]"
EXE,Expand Energy,Energy,Oil & Gas Exploration & Production,,1989,2025-03-24,24000321536,4.003941502496899,"[0.2703150912106136, 0.6481028938906752, 0.7127501529319235, 0.11900191938579655]"
RCL,Royal Caribbean Group,Consumer Discretionary,"Hotels, Resorts & Cruise Lines",,1997,2014-12-05,81572495360,1.9353263006128387,"[0.4751592356687898, 0.44064748201438847, 0.2515837104072398, -0.7878590078328982]"
NCLH,Norwegian Cruise Line Holdings,Consumer Discretionary,"Hotels, Resorts & Cruise Lines",,2011 (1966),2017-10-13,10443456512,1.348033014842584,"[0.40868856880912596, 0.36912667293884716, 0.13159219284192444, -1.3924560098520646]"
CCL,Carnival,Consumer Discretionary,"Hotels, Resorts & Cruise Lines",,1972,1998-12-22,37175238656,1.346028846844355,"[0.37500499580352503, 0.3369610521928403, 0.03385652066726929, -1.439727463312369]"
