"Date","Samsung","Unknown","Xiaomi","Nokia","Micromax","Oppo","Lenovo","Vivo","Realme","Apple","Mobicel","Motorola","Sony","BBK","OnePlus","HTC","Huawei","Asus","Gionee","Lava","Lyf","LG","Spice","Tecno","Google","Coolpad","Panasonic","Infinix","Itel","LeEco","Reliance Digital","Intex","RIM","InFocus","Alcatel","Karbonn","Yu","Xolo","ZTE","Infinex","Comio","Mobiistar","HP","Opp","QMobile","Meizu","Jio","Other"
2014-01,28.84,20.22,0,37.09,6.65,0,0.48,0,0,1.25,0,0.04,1.41,0,0,0.95,0.1,0,0,0,0,0.87,1.17,0,0.1,0.01,0,0,0,0,0,0,0.35,0,0.35,0,0,0,0.08,0,0,0,0,0,0,0,0,0.03
2014-02,31.41,17.67,0,36.21,6.98,0,0.49,0,0,1.27,0,0.05,1.9,0,0,0.96,0.11,0,0,0,0,0.85,1.17,0,0.14,0.01,0,0,0,0,0,0,0.34,0,0.34,0,0,0,0.07,0,0,0,0,0,0,0,0,0.03
2014-03,31.85,17.39,0,34.93,7.6,0,0.5,0,0,1.2,0,0.12,2.42,0,0,0.96,0.11,0,0,0,0,0.81,1.18,0,0.15,0.01,0,0,0,0,0,0,0.32,0,0.34,0,0,0,0.07,0,0,0,0,0,0,0,0,0.03
2014-04,32.47,16.9,0,34.27,7.82,0,0.5,0,0,1.24,0,0.19,2.59,0,0,0.96,0.12,0,0,0,0,0.78,1.23,0,0.17,0.01,0,0,0,0,0,0,0.32,0,0.33,0,0,0,0.07,0,0,0,0,0,0,0,0,0.04
2014-05,32.2,17.33,0,33.64,8.2,0,0.53,0,0,1.23,0,0.24,2.58,0,0,0.96,0.13,0,0,0,0,0.77,1.23,0,0.19,0.02,0,0,0,0,0,0,0.32,0,0.33,0,0,0,0.06,0,0,0,0.01,0,0,0,0,0.05
2014-06,32.48,18.17,0,31.29,8.93,0.01,0.59,0,0,1.29,0,0.3,2.72,0,0,1.04,0.14,0,0,0,0,0.77,1.25,0,0.22,0.02,0,0,0,0,0,0,0.35,0,0.34,0,0,0,0.07,0,0,0,0.01,0,0,0,0,0.05
2014-07,32.56,18.13,0,30.3,9.29,0.01,0.58,0,0,1.27,0,0.58,2.84,0,0,1.05,0.14,0.01,0,0.16,0,0.75,1.25,0,0.22,0.02,0,0,0,0,0,0,0.36,0,0.33,0,0,0,0.07,0,0,0,0.01,0,0,0,0,0.05
2014-08,32.95,18.28,0.03,28.5,9.82,0.02,0.58,0,0,1.31,0,0.87,3,0,0,1.11,0.15,0.05,0,0.16,0,0.75,1.33,0,0.24,0.02,0,0,0,0,0,0,0.37,0,0.33,0,0,0,0.07,0,0,0,0.02,0,0,0,0,0.05
2014-09,32.87,17.11,0.07,28.57,10.46,0.03,0.62,0,0,1.27,0,1.05,3.13,0,0,1.18,0.16,0.08,0,0.16,0,0.76,1.38,0,0.25,0.02,0,0,0,0,0,0,0.36,0,0.33,0,0,0,0.07,0,0,0,0.02,0,0,0,0,0.05
2014-10,31.83,17.79,0.22,27.96,10.94,0.03,0.66,0,0,1.23,0,1.36,3.07,0,0,1.24,0.16,0.11,0,0.18,0,0.77,1.38,0,0.25,0.03,0,0,0,0,0,0,0.34,0,0.32,0,0,0,0.07,0,0,0,0.03,0,0,0,0,0.05
2014-11,31.6,18.57,0.38,26.14,11.44,0.05,0.68,0,0,1.29,0,1.56,3.17,0,0,1.32,0.19,0.17,0,0.19,0,0.76,1.41,0,0.25,0.03,0,0,0,0,0,0,0.34,0,0.31,0,0,0,0.06,0,0,0,0.03,0,0,0,0,0.06
2014-12,30.58,18.2,0.51,27.35,11.08,0.06,0.69,0,0,1.35,0,1.61,3.2,0,0.01,1.37,0.22,0.22,0,0.38,0,0.74,1.34,0,0.24,0.03,0,0,0,0,0,0,0.34,0,0.29,0,0,0,0.1,0,0,0,0.04,0,0,0,0,0.06
2015-01,29.9,18.11,0.65,26.86,11.21,0.08,0.73,0,0,1.45,0,1.76,3.44,0,0.03,1.53,0.27,0.3,0,0.48,0,0.73,1.26,0,0.32,0.03,0,0,0,0,0,0,0.34,0,0.28,0,0,0,0.13,0,0,0,0.04,0,0,0,0,0.06
2015-02,29.67,18.77,0.76,25.45,11.63,0.1,0.81,0,0,1.52,0,1.77,3.51,0,0.05,1.64,0.3,0.36,0,0.48,0,0.73,1.18,0,0.35,0.02,0,0,0,0,0,0,0.35,0,0.28,0,0,0,0.17,0,0,0,0.05,0,0,0,0,0.06
2015-03,29.6,19.79,0.84,23.23,12.25,0.12,0.93,0,0,1.55,0,1.86,3.6,0,0.07,1.78,0.32,0.42,0,0.5,0,0.74,1.13,0,0.38,0.02,0,0,0,0,0,0,0.33,0,0.27,0,0,0,0.15,0,0,0,0.05,0,0,0,0,0.06
2015-04,28.88,20.39,0.85,22.84,12.28,0.14,1.07,0,0,1.58,0,1.99,3.59,0,0.09,1.88,0.34,0.47,0,0.48,0,0.73,1.07,0,0.5,0.02,0,0,0,0,0,0,0.31,0,0.26,0,0,0,0.13,0,0,0,0.05,0,0,0,0,0.06
2015-05,28.5,20.71,0.87,22.32,12.55,0.14,1.26,0,0,1.58,0,2.06,3.54,0.01,0.1,1.98,0.36,0.49,0,0.45,0,0.71,1.01,0,0.55,0.02,0,0,0,0,0,0,0.29,0.01,0.24,0,0,0,0.12,0,0,0,0.06,0,0,0,0,0.05
2015-06,27.96,21.57,0.87,21.37,12.87,0.14,1.46,0,0,1.62,0,2.08,3.49,0.03,0.11,2.02,0.37,0.5,0,0.42,0,0.7,0.99,0,0.6,0.02,0,0,0,0,0,0,0.29,0.02,0.23,0,0,0,0.14,0,0,0,0.06,0,0,0,0,0.05
2015-07,27.06,21.71,0.92,20.86,12.76,0.14,1.73,0,0,1.74,0,2.08,3.36,0.05,0.12,2.03,0.38,0.48,0,0.38,0,0.68,0.94,0,1.75,0.04,0,0,0,0,0,0,0.29,0.02,0.21,0,0,0,0.15,0,0,0,0.06,0,0,0,0,0.05
2015-08,27.37,22.43,1.01,19.16,12.98,0.15,2.09,0,0,1.71,0,2.14,3.27,0.07,0.12,2.08,0.42,0.54,0,0.36,0,0.68,0.9,0,1.75,0.05,0,0,0,0,0,0,0.27,0.02,0.2,0,0,0,0.14,0,0,0,0.06,0,0,0,0,0.05
2015-09,27.3,22.98,1.06,18.31,13.14,0.15,2.41,0,0,1.54,0,2.23,3.15,0.09,0.12,2.12,0.42,0.57,0.03,0.34,0,0.66,0.87,0,1.78,0.07,0,0,0,0,0,0,0.25,0.02,0.19,0,0,0,0.11,0,0,0,0.06,0,0,0.01,0,0.05
2015-10,26.04,23.71,1.09,18.58,13.14,0.14,2.6,0,0,1.47,0,2.31,3.04,0.1,0.12,2.13,0.43,0.56,0.09,0.32,0,0.63,0.84,0,1.92,0.08,0,0,0,0,0,0,0.24,0.02,0.16,0,0,0,0.11,0,0,0,0.05,0,0,0.01,0,0.05
2015-11,24.84,24.51,1.14,18.97,12.81,0.14,2.82,0,0,1.66,0,2.35,2.85,0.11,0.13,2.12,0.42,0.55,0.13,0.28,0,0.61,0.81,0,2.08,0.08,0,0,0,0,0,0,0.23,0.02,0.15,0,0,0,0.1,0,0,0,0.05,0,0,0.01,0,0.05
2015-12,24.49,25.86,1.2,18.08,12.88,0.14,3.12,0,0,1.81,0,2.42,2.81,0.14,0.13,2.2,0.43,0.56,0.17,0.27,0,0.6,0.75,0,1.27,0.08,0,0,0,0,0,0,0.23,0.02,0.14,0,0,0,0.1,0,0,0,0.05,0,0,0.02,0,0.05
2016-01,24.06,26.84,1.27,17.35,12.78,0.15,3.4,0,0,1.9,0,2.52,2.79,0.16,0.14,2.24,0.45,0.56,0.19,0.26,0,0.61,0.71,0,0.96,0.08,0,0,0,0,0,0,0.24,0.02,0.13,0,0,0,0.09,0,0,0,0.05,0,0,0.02,0,0.04
2016-02,24.54,27.17,1.44,16.37,12.7,0.15,3.62,0,0,2.01,0,2.58,2.72,0.19,0.15,2.27,0.47,0.58,0.21,0.25,0,0.61,0.69,0,0.66,0.09,0,0,0,0,0,0,0.22,0.02,0.12,0,0,0,0.08,0,0,0,0.05,0,0,0.02,0,0.04
2016-03,27.52,23.84,2.22,15.46,12.34,0.19,3.81,0,0,2.12,0,2.66,2.9,0.19,0.25,2.25,0.48,0.82,0.23,0.23,0,0.58,0.65,0,0.65,0.09,0,0,0,0,0,0,0.19,0.01,0.11,0,0,0,0.08,0,0,0,0.05,0,0,0.02,0,0.04
2016-04,27.31,24.25,2.26,15.21,12,0.19,4.13,0,0,2.21,0,2.77,2.78,0.17,0.28,2.24,0.49,0.85,0.26,0.22,0,0.58,0.61,0,0.63,0.09,0,0,0,0,0,0,0.2,0.01,0.1,0,0,0,0.07,0,0,0,0.05,0,0,0.02,0,0.04
2016-05,27.57,24.87,2.25,14.19,11.83,0.18,4.26,0,0,2.26,0,2.73,2.73,0.17,0.28,2.25,0.48,0.84,0.29,0.2,0,0.57,0.59,0,0.92,0.09,0,0,0,0,0,0,0.2,0.01,0.09,0,0,0,0.07,0,0,0,0.04,0,0,0.02,0,0.04
2016-06,27.19,24.69,2.23,13.96,11.34,0.16,4.31,0,0,2.81,0,3,2.61,0.15,0.34,2.22,0.49,0.9,0.26,0.17,0,0.59,0.57,0,1.39,0.08,0,0,0,0,0,0,0.24,0.01,0.09,0,0,0,0.06,0,0,0,0.05,0,0,0.02,0,0.04
2016-07,27.05,26.16,2.25,13.7,10.8,0.15,4.51,0,0,3,0,3.13,2.46,0.14,0.37,2.27,0.49,0.91,0.27,0.15,0,0.58,0.5,0,0.57,0.08,0,0,0,0,0,0,0.22,0.01,0.08,0,0,0,0.05,0,0,0,0.04,0,0,0.02,0,0.04
2016-08,26.21,28.13,2.06,13.54,10.45,0.14,4.46,0,0,2.9,0,3.04,2.24,0.13,0.34,2.19,0.45,0.84,0.29,0.13,0,0.55,0.48,0,0.93,0.07,0,0,0,0,0,0,0.21,0.01,0.08,0,0,0,0.05,0,0,0,0.04,0,0,0.01,0,0.05
2016-09,26.85,30.13,2.13,11.62,10.27,0.14,4.95,0,0,2.63,0,3.05,2.17,0.13,0.31,2.16,0.45,0.86,0.39,0.13,0,0.54,0.44,0,0.21,0.08,0,0,0,0,0,0,0.16,0.01,0.07,0,0,0,0.03,0,0,0,0.03,0,0,0.02,0,0.03
2016-10,26.79,28.33,3.6,9.26,9.09,1.07,6.31,0,0,2.4,0,3.3,1.88,0.59,0.34,2.06,0.44,1.12,0.58,0.1,0.2,0.53,0.36,0,0.2,0.29,0,0,0,0.32,0.47,0,0.12,0.01,0.06,0,0,0,0.04,0,0,0,0.03,0,0,0.02,0,0.08
2016-11,27.41,19.91,5.43,8.25,8.79,2.81,6.62,0,0,2.16,0,3.01,1.8,2.48,0.36,1.85,0.54,1.28,1.26,0.12,1.36,0.48,0.33,0,0.25,0.75,0.3,0,0,0.74,1.06,0,0.12,0.05,0.05,0,0.24,0,0.03,0,0,0,0.02,0,0,0.02,0,0.07
2016-12,27.48,17.25,5.82,7.66,8.64,3.12,6.67,0,0,2.33,0,2.96,1.81,2.89,0.37,1.84,0.66,1.23,1.63,0.39,1.89,0.48,0.3,0,0.25,0.77,0.73,0,0.01,0.72,1.03,0.05,0.12,0.2,0.05,0.02,0.32,0.14,0.02,0,0,0,0.02,0,0,0.02,0,0.1
2017-01,27.18,15.68,5.9,7.74,8.21,3.56,6.76,0,0,2.31,0,2.91,1.7,3.48,0.38,1.75,0.69,1.21,1.73,0.77,2.2,0.47,0.27,0,0.24,0.83,0.91,0,0.07,0.7,0.99,0.11,0.11,0.26,0.05,0.04,0.33,0.27,0.02,0,0,0,0.02,0,0,0.02,0,0.12
2017-02,26.46,14.68,6.28,7.11,7.72,3.97,7.18,0,0,2.39,0.02,3.07,1.59,3.96,0.43,1.71,0.76,1.3,1.77,0.93,2.32,0.47,0.21,0,0.24,0.93,0.94,0,0.1,0.72,1,0.36,0.1,0.31,0.05,0.07,0.32,0.3,0.02,0,0,0,0.02,0,0,0.02,0,0.16
2017-03,25.88,15.18,6.76,6.41,7.43,4.27,7.07,0,0,2.56,0.14,3.08,1.52,4.21,0.47,1.7,0.78,1.28,1.77,0.94,2.2,0.47,0.2,0,0.24,0.91,0.92,0,0.11,0.71,0.92,0.42,0.1,0.29,0.06,0.12,0.29,0.31,0.03,0,0,0,0.02,0,0,0.02,0,0.21
2017-04,25.44,14.68,7.53,5.9,7.14,4.5,7.12,0,0,2.72,0.53,3.4,1.47,4.26,0.57,1.71,0.83,1.31,1.76,0.93,2.06,0.48,0.18,0,0.25,0.9,0.85,0,0.13,0.71,0.79,0.41,0.09,0.28,0.06,0.15,0.27,0.28,0.04,0,0,0,0.02,0,0,0.02,0,0.22
2017-05,25.53,14.05,8.07,5.88,6.79,4.93,6.92,0,0,2.63,1.08,3.31,1.37,4.39,0.55,1.63,0.84,1.27,1.83,0.93,2.09,0.47,0.16,0,0.23,0.88,0.82,0,0.14,0.69,0.74,0.4,0.09,0.25,0.06,0.16,0.26,0.27,0.04,0,0,0,0.02,0,0,0.02,0,0.2
2017-06,25.15,13.98,8.64,5.66,6.49,5.36,6.81,0,0,2.64,1.62,3.16,1.27,4.39,0.49,1.52,0.85,1.23,1.86,0.97,2.04,0.45,0.14,0,0.21,0.88,0.82,0,0.22,0.66,0.71,0.43,0.08,0.24,0.06,0.18,0.24,0.28,0.04,0,0,0,0.02,0,0,0.02,0,0.2
2017-07,24.88,13.77,9.4,5.4,6.07,5.64,6.85,0,0,2.61,2.11,3.28,1.2,4.29,0.47,1.46,0.93,1.23,1.84,0.95,1.88,0.44,0.13,0,0.2,0.9,0.77,0,0.26,0.65,0.63,0.42,0.07,0.24,0.06,0.19,0.22,0.28,0.04,0,0,0,0.01,0,0,0.02,0,0.2
2017-08,24.59,12.87,10.19,5.14,5.76,5.87,6.84,0,0,2.88,2.55,3.69,1.16,4.2,0.52,1.39,0.99,1.25,1.83,0.94,1.74,0.44,0.11,0,0.19,0.9,0.74,0.01,0.3,0.64,0.56,0.41,0.07,0.23,0.06,0.19,0.21,0.27,0.04,0,0,0,0.01,0,0,0.02,0,0.19
2017-09,24.83,13.73,9.96,5.02,5.72,5.94,6.46,0,0,3.12,2.68,3.74,1.12,3.92,0.55,1.36,0.99,1.17,1.71,0.92,1.61,0.43,0.13,0.02,0.18,0.84,0.71,0.02,0.32,0.58,0.53,0.4,0.07,0.22,0.06,0.21,0.21,0.26,0.04,0,0,0,0.01,0,0,0.02,0,0.18
2017-10,25.09,13.32,10.75,4.84,5.31,5.97,6.26,0,0,3.49,3.03,3.87,1.06,3.64,0.71,1.27,1,1.12,1.62,0.87,1.43,0.43,0.14,0.06,0.17,0.8,0.66,0.07,0.33,0.55,0.48,0.4,0.06,0.23,0.05,0.24,0.21,0.23,0.04,0,0,0,0.01,0,0,0.02,0,0.17
2017-11,24.77,13.52,11.34,4.3,5.09,5.95,6.37,0,0,3.32,3.33,4.14,1.05,3.44,0.69,1.23,1.07,1.17,1.56,0.87,1.33,0.45,0.13,0.08,0.16,0.82,0.67,0.1,0.33,0.54,0.46,0.42,0.06,0.24,0.05,0.27,0.19,0.23,0.05,0,0,0,0.01,0,0,0.02,0,0.18
2017-12,24.71,13.9,11.33,4.49,5.09,5.67,6.37,0,0,3.17,3.47,4.21,1.06,3.31,0.54,1.23,1.09,1.18,1.5,0.9,1.24,0.46,0.13,0.12,0.16,0.83,0.67,0.12,0.35,0.53,0.43,0.43,0.06,0.25,0.05,0.29,0.18,0.22,0.05,0,0,0,0.01,0,0,0.02,0,0.19
2018-01,24.54,14.06,11.46,4.68,5.1,5.76,6.08,0,0,3.07,3.76,4.16,1.04,3.24,0.42,1.19,1.1,1.14,1.55,0.91,1.19,0.46,0.13,0.14,0.16,0.78,0.67,0.13,0.38,0.51,0.42,0.43,0.06,0.24,0.05,0.31,0.18,0.22,0.05,0,0,0,0.01,0,0,0.02,0,0.2
2018-02,24.67,13.54,12.58,3.78,4.73,5.79,6.19,0,0,3.14,4.11,4.33,0.96,3.22,0.36,1.16,1.16,1.15,1.58,0.88,1.16,0.47,0.12,0.14,0.17,0.8,0.66,0.14,0.37,0.55,0.38,0.42,0.05,0.23,0.04,0.28,0.18,0.22,0.05,0,0,0,0.01,0,0,0.02,0,0.18
2018-03,24.85,15.07,12.3,3.43,4.62,5.62,5.89,0,0,3.34,4.16,4.15,0.89,3.09,0.36,1.13,1.1,1.04,1.57,0.84,1.14,0.47,0.12,0.15,0.17,0.81,0.64,0.13,0.39,0.52,0.36,0.43,0.05,0.2,0.05,0.29,0.18,0.22,0.05,0,0,0,0.01,0,0,0.02,0,0.18
2018-04,24.64,13.75,14.47,3.53,4.47,6.24,5.34,0,0,2.81,4.42,3.79,0.8,3.03,0.33,1.03,1.39,0.93,1.55,0.85,1.06,0.45,0.13,0.29,0.15,0.65,0.65,0.15,0.48,0.47,0.33,0.45,0.04,0.22,0.04,0.3,0.17,0.21,0.04,0,0.09,0,0.01,0,0.04,0.02,0,0.16
2018-05,24.1,11.65,16.55,2.73,4.16,6.62,5.37,0,0,2.65,4.91,3.87,0.76,3.04,0.33,0.96,1.74,0.96,1.59,1.1,1.01,0.43,0.12,0.38,0.14,0.67,0.66,0.19,0.6,0.47,0.31,0.46,0.03,0.27,0.04,0.31,0.16,0.21,0.05,0,0.15,0,0.01,0,0.06,0.02,0,0.17
2018-06,23.84,10.58,17.9,2.54,3.69,6.78,5.25,0,0,2.9,5.3,3.92,0.73,2.88,0.31,0.93,1.97,1,1.5,1.28,0.91,0.43,0.11,0.4,0.14,0.64,0.62,0.21,0.67,0.46,0.27,0.4,0.04,0.28,0.04,0.3,0.15,0.19,0.05,0,0.15,0,0.01,0,0.06,0.02,0,0.18
2018-07,23.81,9.76,19.18,2.34,3.3,7.07,5.03,0,0,2.87,5.83,3.82,0.69,2.84,0.33,0.86,2.08,1.01,1.45,1.28,0.85,0.42,0.1,0.41,0.13,0.59,0.6,0.21,0.66,0.44,0.25,0.37,0.03,0.27,0.03,0.28,0.15,0.18,0.05,0,0.16,0,0.01,0,0.06,0.02,0,0.16
2018-08,23.58,10.06,20.2,2.14,2.86,7.28,4.54,0,0,3.08,6.27,3.57,0.6,2.79,0.62,0.77,2.09,1.01,1.37,1.17,0.82,0.38,0.09,0.43,0.13,0.53,0.55,0.2,0.59,0.42,0.24,0.32,0.03,0.25,0.03,0.25,0.14,0.16,0.04,0,0.16,0,0.01,0,0.06,0.02,0,0.15
2018-09,24.27,8.11,20.44,2.01,2.74,7.79,4.53,0,0,2.96,6.69,3.58,0.57,2.74,0.89,0.74,2.48,1.08,1.33,1.17,0.78,0.39,0.09,0.41,0.12,0.53,0.53,0.22,0.57,0.41,0.23,0.33,0.03,0.25,0.03,0.23,0.14,0.15,0.04,0,0.15,0,0.01,0,0.06,0.02,0,0.16
2018-10,24.04,8.83,20.39,2.14,2.79,7.51,4.38,0,0,2.97,7.04,3.6,0.53,2.58,0.92,0.68,2.48,1.09,1.24,1.18,0.71,0.38,0.1,0.4,0.12,0.49,0.5,0.21,0.6,0.37,0.22,0.33,0.02,0.24,0.03,0.23,0.12,0.14,0.04,0,0.16,0,0.01,0,0.06,0.01,0,0.15
2018-11,24.02,9.05,20.5,2.08,2.76,7.88,4.2,0,0,2.91,8.21,3.41,0.43,2.28,0.67,0.61,2.23,0.97,1.14,1.27,0.64,0.35,0.11,0.44,0.11,0.44,0.46,0.19,0.65,0.27,0.2,0.33,0.02,0.21,0.03,0.24,0.11,0.13,0.03,0,0.17,0.01,0.01,0,0.05,0.01,0,0.13
2018-12,24.16,7.76,21.9,2.07,2.59,8.92,4,0,0,2.64,8.14,3.3,0.37,1.96,1.05,0.55,2.41,1.06,1.02,1.21,0.55,0.33,0.11,0.44,0.11,0.4,0.42,0.18,0.59,0.23,0.18,0.29,0.02,0.18,0.02,0.22,0.09,0.12,0.03,0,0.15,0.03,0,0,0.05,0.01,0,0.11
2019-01,24.44,8.53,21.43,2.14,2.53,9.07,3.69,0,0,2.74,8.42,3.08,0.34,1.85,1.09,0.52,2.32,0.99,0.96,1.23,0.5,0.31,0.11,0.45,0.11,0.36,0.39,0.17,0.6,0.2,0.17,0.28,0.02,0.16,0.02,0.21,0.09,0.11,0.02,0,0.16,0.04,0,0,0.05,0.01,0,0.1
2019-02,24.18,8.21,21.78,2.2,2.38,9.27,3.63,0,0,2.81,8.77,3.08,0.33,1.78,1.13,0.51,2.39,0.99,0.93,1.2,0.47,0.3,0.11,0.43,0.11,0.34,0.38,0.16,0.56,0.19,0.15,0.26,0.02,0.15,0.02,0.2,0.09,0.1,0.02,0,0.16,0.05,0.01,0,0.05,0.01,0,0.1
2019-03,23.86,7.24,21.78,2.21,2.19,9.65,3.49,0,0.11,2.81,8.18,3.11,0.41,2.15,1.32,0.49,2.74,1.34,1.03,1.21,0.52,0.31,0.1,0.42,0.12,0.35,0.41,0.2,0.53,0.28,0.16,0.25,0.02,0.18,0.02,0.18,0.1,0.1,0.03,0,0.15,0.08,0.01,0,0.07,0.01,0,0.12
2019-04,23.61,7.63,21.83,2.16,2.1,9.62,3.4,0,0.13,2.83,8.33,3.09,0.39,2.09,1.46,0.46,2.76,1.4,0.98,1.2,0.48,0.32,0.1,0.41,0.12,0.33,0.39,0.19,0.53,0.27,0.14,0.23,0.02,0.16,0.02,0.17,0.09,0.09,0.03,0,0.14,0.09,0.01,0,0.06,0.01,0,0.11
2019-05,22.81,8.45,22.34,2.11,1.96,9.64,3.2,0,0.16,2.75,8.75,3,0.35,2,1.48,0.42,2.73,1.44,0.94,1.14,0.45,0.3,0.09,0.4,0.16,0.31,0.37,0.19,0.5,0.26,0.13,0.21,0.02,0.16,0.02,0.16,0.09,0.09,0.02,0,0.13,0.1,0.01,0,0.06,0.01,0,0.1
2019-06,22.36,9.33,22.19,2.06,1.87,9.61,3.07,0,0.18,2.71,9.21,2.93,0.32,1.95,1.42,0.37,2.73,1.47,0.91,1.14,0.42,0.28,0.08,0.41,0.12,0.29,0.36,0.2,0.5,0.24,0.13,0.2,0.01,0.15,0.02,0.15,0.09,0.09,0.02,0,0.13,0.11,0.01,0,0.06,0.01,0,0.1
2019-07,22.16,10.23,21.85,2.03,1.69,9.59,2.91,0,0.19,2.65,9.9,2.84,0.29,1.88,1.36,0.34,2.72,1.44,0.85,1.09,0.39,0.26,0.08,0.42,0.12,0.27,0.34,0.19,0.49,0.23,0.11,0.19,0.01,0.15,0.02,0.14,0.09,0.08,0.02,0,0.13,0.12,0.01,0,0.06,0.01,0,0.09
2019-08,23.51,6.12,23.29,1.92,1.54,9.8,2.7,0,1.1,2.65,10.39,2.67,0.27,1.79,1.37,0.31,2.72,1.38,0.78,1.05,0.34,0.24,0.08,0.61,0.12,0.25,0.31,0.18,0.49,0.21,0.1,0.19,0.01,0.13,0.01,0.13,0.08,0.07,0.02,0,0.11,0.2,0.01,0.57,0.05,0.01,0,0.12
2019-09,23.71,4.13,24.05,1.89,1.44,9.81,2.56,0,1.94,2.62,10.71,2.62,0.24,1.74,1.6,0.29,2.83,1.35,0.74,1,0.31,0.24,0.07,0.63,0.11,0.24,0.28,0.2,0.51,0.2,0.09,0.18,0.01,0.13,0.01,0.11,0.07,0.07,0.02,0,0.11,0.2,0.01,0.77,0.05,0.01,0,0.12
2019-10,22.65,4.86,24.34,1.89,1.41,9.8,2.35,0,2.45,2.28,11.34,2.42,0.22,1.55,1.74,0.26,2.74,1.25,0.67,1.03,0.28,0.23,0.07,0.63,0.12,0.23,0.26,0.21,0.54,0.18,0.07,0.16,0.01,0.12,0.01,0.1,0.07,0.06,0.02,0,0.1,0.21,0.01,0.92,0.05,0.01,0,0.11
2019-11,21.82,5.17,24.12,1.85,1.17,10.56,2.21,0,3.31,2.5,11.98,2.34,0.2,1.45,1.79,0.24,2.71,1.23,0.61,0.88,0.24,0.22,0.06,0.67,0.12,0.19,0.23,0.2,0.52,0.17,0.06,0.14,0.01,0.1,0.01,0.09,0.06,0.05,0.02,0.06,0.09,0.19,0,0.18,0.05,0.01,0,0.12
2019-12,21.82,4.2,24.27,1.83,1,10.98,2.11,0,3.87,2.61,12.33,2.33,0.19,1.36,1.93,0.21,2.69,1.27,0.58,0.77,0.22,0.22,0.05,0.7,0.11,0.18,0.21,0.29,0.49,0.16,0.05,0.13,0.01,0.1,0.01,0.08,0.06,0.05,0.01,0.08,0.08,0.17,0,0,0.05,0.02,0,0.12
2020-01,21.38,2.52,25.42,1.82,0.92,11.19,2.07,0,4.34,2.86,12.4,2.35,0.19,1.3,2.25,0.2,2.72,1.27,0.53,0.68,0.2,0.22,0.04,0.74,0.13,0.17,0.2,0.39,0.44,0.15,0.05,0.11,0.01,0.09,0.01,0.07,0.05,0.04,0.01,0.07,0.07,0.14,0,0,0.05,0.03,0,0.11
2020-02,20.95,2.81,25.5,1.75,0.86,10.96,2,0,4.69,3.12,12.4,2.32,0.18,1.21,2.5,0.19,2.69,1.28,0.5,0.62,0.18,0.22,0.04,0.72,0.14,0.15,0.18,0.41,0.42,0.15,0.04,0.1,0.01,0.08,0.01,0.06,0.05,0.04,0.01,0.07,0.07,0.13,0,0,0.05,0.03,0,0.12
2020-03,20.79,3.51,25.33,1.6,0.86,10.95,1.9,0,4.8,3.18,12.39,2.22,0.18,1.2,2.56,0.18,2.58,1.22,0.48,0.62,0.17,0.22,0.04,0.76,0.13,0.14,0.18,0.41,0.44,0.14,0.05,0.1,0.01,0.08,0.01,0.06,0.04,0.04,0.01,0.06,0.06,0.13,0,0,0.04,0.03,0,0.12
2020-04,21.09,2.03,25.65,1.69,0.76,11.09,1.97,0,4.81,3.35,12.67,2.32,0.19,1.17,2.81,0.19,2.72,1.28,0.44,0.56,0.15,0.22,0.03,0.69,0.14,0.14,0.17,0.41,0.37,0.13,0.04,0.08,0.01,0.08,0.01,0.05,0.04,0.03,0.01,0.06,0.05,0.1,0,0,0.04,0.03,0,0.12
2020-05,20.9,2.49,25.91,1.67,0.73,11.1,2.03,0,4.83,3.53,12.5,2.28,0.17,1.16,2.69,0.17,2.55,1.23,0.44,0.54,0.15,0.22,0.03,0.67,0.14,0.12,0.16,0.4,0.35,0.13,0.04,0.08,0.01,0.07,0.01,0.04,0.04,0.03,0.01,0.06,0.05,0.1,0.01,0,0.04,0.03,0,0.11
2020-06,21.13,2.02,26.02,1.66,0.73,11.16,2.02,0,4.87,3.54,12.89,2.19,0.16,1.13,2.63,0.17,2.48,1.19,0.43,0.52,0.14,0.22,0.03,0.68,0.14,0.11,0.16,0.4,0.35,0.12,0.04,0.07,0.01,0.06,0.01,0.04,0.04,0.03,0.01,0.05,0.05,0.1,0.01,0,0.04,0.03,0,0.11
2020-07,20.68,1.92,26.1,1.6,0.71,11.33,1.92,0,4.98,3.35,13.74,2.12,0.14,1.08,2.49,0.15,2.51,1.16,0.39,0.51,0.14,0.21,0.03,0.73,0.19,0.11,0.14,0.4,0.37,0.12,0.03,0.06,0.01,0.06,0.01,0.04,0.04,0.03,0.01,0.06,0.04,0.1,0.01,0,0.04,0.03,0,0.1
2020-08,20.83,1.87,26.31,1.55,0.67,11.34,1.85,0,5.28,3.3,13.75,2.05,0.13,1.03,2.56,0.14,2.4,1.12,0.36,0.47,0.13,0.19,0.03,0.71,0.19,0.1,0.14,0.4,0.37,0.11,0.03,0.06,0.01,0.05,0.01,0.03,0.04,0.03,0.01,0.06,0.04,0.09,0.01,0,0.04,0.03,0,0.1
2020-09,21.5,1.4,26.42,1.5,0.6,11.16,1.74,0,5.98,3.24,13.29,2.01,0.12,0.96,2.79,0.13,2.31,1.07,0.32,0.42,0.12,0.18,0.03,0.78,0.17,0.09,0.12,0.49,0.4,0.11,0.03,0.05,0,0.05,0.01,0.03,0.03,0.03,0.01,0.06,0.04,0.08,0.01,0,0.03,0.02,0,0.09
2020-10,21.34,2.45,27.9,1.46,0.58,11.19,1.7,0.04,6.83,3.19,10.17,1.98,0.12,0.92,2.83,0.12,2.26,1.08,0.32,0.41,0.11,0.19,0.02,0.8,0.16,0.09,0.12,0.55,0.4,0.1,0.03,0.05,0,0.05,0.01,0.03,0.03,0.02,0.01,0.05,0.04,0.08,0.01,0,0.03,0.02,0,0.09
2020-11,23.06,6.5,30.11,1.5,0.6,11.42,1.68,0.16,8.1,3.34,0,2.02,0.12,0.82,2.92,0.12,2.32,1.09,0.32,0.43,0.1,0.22,0.02,0.89,0.17,0.08,0.12,0.68,0.43,0.1,0.03,0.05,0,0.05,0.01,0.03,0.03,0.02,0.01,0.06,0.04,0.09,0.01,0,0.03,0.02,0,0.09
2020-12,20.1,1.55,27.23,1.25,0.51,11,1.37,13.62,8.66,2.69,0,1.69,0.09,0.7,2.46,0.09,1.97,0.91,0.26,0.44,0.09,0.19,0.02,1.13,0.14,0.07,0.1,0.64,0.41,0.08,0.02,0.04,0,0.04,0.01,0.02,0.03,0.01,0.01,0.13,0.03,0.07,0,0,0.03,0.02,0,0.07
2021-01,19.8,1.39,27.1,1.2,0.48,11.16,1.29,14.04,8.91,2.73,0,1.63,0.09,0.68,2.51,0.09,1.91,0.87,0.24,0.5,0.07,0.19,0.02,1.17,0.14,0.06,0.09,0.65,0.4,0.07,0.02,0.04,0,0.04,0,0.02,0.03,0.01,0.01,0.16,0.03,0.07,0,0,0.03,0.01,0,0.07
2021-02,19.38,1.75,27.39,1.15,0.46,11.19,1.18,13.96,9.26,2.74,0,1.57,0.08,0.66,2.42,0.08,1.86,0.84,0.23,0.49,0.07,0.18,0.02,1.12,0.13,0.06,0.09,0.65,0.37,0.07,0.02,0.04,0,0.03,0,0.02,0.02,0.01,0.01,0.17,0.03,0.06,0,0,0.03,0.01,0,0.07
2021-03,19.4,1.98,27.25,1.13,0.46,11.16,1.13,14.05,9.17,2.85,0,1.54,0.08,0.65,2.45,0.08,1.8,0.79,0.22,0.5,0.07,0.18,0.02,1.14,0.13,0.06,0.09,0.62,0.39,0.07,0.02,0.04,0,0.03,0,0.02,0.02,0.01,0.01,0.18,0.03,0.07,0,0,0.03,0.01,0,0.07
2021-04,19.64,2.38,26.84,1.12,0.45,11.07,1.15,14.01,8.98,2.97,0,1.54,0.08,0.65,2.59,0.08,1.75,0.77,0.21,0.5,0.07,0.18,0.02,1.13,0.13,0.05,0.08,0.58,0.38,0.06,0.02,0.04,0,0.03,0.01,0.02,0.02,0.01,0.01,0.18,0.03,0.06,0,0,0.02,0.01,0,0.07
2021-05,19.72,2.58,26.51,1.09,0.4,11.18,1.13,14.2,8.96,3.02,0,1.51,0.08,0.62,2.67,0.08,1.72,0.74,0.19,0.48,0.06,0.18,0.02,1.11,0.13,0.05,0.07,0.57,0.36,0.06,0.02,0.03,0,0.03,0.01,0.02,0.02,0.01,0.01,0.18,0.02,0.06,0,0,0.02,0.01,0,0.07
2021-06,19.54,2.65,26.78,1.06,0.38,11.17,1.1,14.12,9.18,3.01,0,1.5,0.08,0.6,2.65,0.08,1.72,0.71,0.18,0.46,0.06,0.17,0.01,1.09,0.13,0.04,0.07,0.57,0.35,0.06,0.02,0.03,0,0.03,0.01,0.01,0.02,0.01,0.01,0.19,0.02,0.06,0,0,0.02,0.01,0,0.06
2021-07,19,2.78,27.28,1.02,0.33,11.18,1.05,14.06,9.62,3,0,1.48,0.07,0.57,2.55,0.07,1.65,0.68,0.17,0.42,0.05,0.17,0.01,1.11,0.13,0.04,0.06,0.6,0.36,0.06,0.01,0.02,0,0.02,0,0.01,0.02,0.01,0.01,0.19,0.02,0.05,0,0,0.02,0.01,0,0.06
2021-08,18.24,1.6,27.63,0.94,0.28,11.46,0.94,14.93,10.35,2.95,0,1.4,0.06,0.5,2.71,0.06,1.5,0.63,0.17,0.37,0.04,0.17,0.01,1.16,0.12,0.03,0.05,0.78,0.47,0.05,0.01,0.02,0,0.02,0,0.01,0.02,0.01,0,0.16,0.01,0.04,0,0,0.02,0.01,0,0.05
2021-09,18.07,1.6,27.62,0.91,0.26,11.71,0.89,14.95,10.41,3.06,0,1.37,0.06,0.47,2.7,0.05,1.46,0.59,0.16,0.36,0.04,0.17,0.01,1.16,0.12,0.03,0.05,0.83,0.46,0.04,0.01,0.02,0,0.02,0,0.01,0.01,0.01,0,0.16,0.01,0.04,0,0,0.02,0.01,0,0.06
2021-10,17.48,1.35,27.77,0.86,0.24,11.49,0.81,14.51,12.14,3.16,0,1.35,0.05,0.43,2.67,0.05,1.37,0.56,0.14,0.34,0.03,0.16,0.01,1.12,0.13,0.03,0.04,0.88,0.43,0.04,0.01,0.02,0,0.01,0,0.01,0.01,0,0,0.16,0.01,0.03,0,0,0.01,0.01,0,0.05
2021-11,17.77,1.9,27.71,0.84,0.22,11.68,0.75,14.68,10.63,3.43,0,1.35,0.05,0.41,2.83,0.05,1.3,0.54,0.14,0.34,0.03,0.16,0.01,1.21,0.14,0.02,0.04,0.93,0.45,0.04,0.01,0.01,0,0.01,0,0.01,0.01,0,0,0.15,0.01,0.03,0,0,0.01,0.01,0,0.05
2021-12,17.75,1.87,27.89,0.83,0.21,11.53,0.73,14.49,10.7,3.76,0,1.37,0.05,0.38,2.95,0.04,1.27,0.53,0.13,0.33,0.03,0.16,0.01,1.13,0.15,0.02,0.04,0.88,0.42,0.03,0.01,0.01,0,0.01,0,0.01,0.01,0,0,0.15,0.01,0.03,0,0,0.01,0.01,0,0.05
2022-01,17.7,1.4,27.03,0.78,0.17,11.49,0.73,14.96,11.56,3.85,0,1.35,0.04,0.35,3.38,0.04,1.2,0.51,0.11,0.29,0.02,0.15,0.01,1.11,0.15,0.02,0.03,0.84,0.42,0.03,0.01,0.01,0,0.01,0,0.01,0.01,0,0,0.13,0.01,0.03,0,0,0.01,0.01,0,0.04
2022-02,17.5,1.61,26.59,0.75,0.17,11.51,0.69,15.06,11.88,3.83,0,1.32,0.04,0.33,3.39,0.04,1.14,0.49,0.11,0.29,0.02,0.14,0.01,1.24,0.15,0.02,0.03,0.88,0.47,0.03,0.01,0.01,0,0.01,0,0.01,0.01,0,0,0.13,0.01,0.03,0,0,0.01,0.01,0,0.04
2022-03,17.49,1.57,26.42,0.73,0.16,11.51,0.64,15.05,12.05,3.95,0,1.3,0.04,0.32,3.49,0.03,1.11,0.47,0.1,0.28,0.02,0.14,0.01,1.24,0.16,0.02,0.03,0.9,0.47,0.03,0.01,0.01,0,0.01,0,0.01,0.01,0,0,0.13,0.01,0.02,0,0,0.01,0.01,0,0.04
2022-04,17.35,1.52,26.46,0.74,0.14,11.53,0.62,15.09,12.29,3.93,0,1.33,0.04,0.3,3.55,0.03,1.08,0.46,0.1,0.26,0.02,0.14,0.01,1.17,0.16,0.01,0.02,0.89,0.46,0.03,0,0.01,0,0.01,0,0,0.01,0,0,0.13,0.01,0.02,0,0,0.01,0.01,0,0.04
2022-05,17.09,1.54,26.49,0.72,0.13,11.32,0.59,15.38,12.54,3.88,0,1.33,0.03,0.28,3.72,0.03,1.05,0.44,0.09,0.23,0.02,0.14,0,1.18,0.17,0.01,0.02,0.88,0.43,0.02,0,0.01,0,0.01,0,0,0.01,0,0,0.13,0.01,0.02,0,0,0.01,0.01,0,0.04
2022-06,16.7,1.29,26.6,0.68,0.11,11.42,0.54,15.73,12.81,3.86,0,1.32,0.03,0.26,3.76,0.02,0.99,0.42,0.08,0.22,0.02,0.13,0,1.21,0.17,0.01,0.02,0.91,0.4,0.02,0,0.01,0,0.01,0,0,0.01,0,0,0.14,0.01,0.02,0,0,0.01,0.01,0,0.04
2022-07,16.55,1.41,26.3,0.65,0.1,11.45,0.51,15.89,12.97,3.94,0,1.33,0.03,0.24,3.78,0.02,0.96,0.4,0.08,0.2,0.01,0.13,0,1.26,0.18,0.01,0.02,0.94,0.39,0.02,0,0.01,0,0.01,0,0,0.01,0,0,0.14,0,0.02,0,0,0.01,0,0,0.03
2022-08,16.83,1.52,25.96,0.65,0.09,11.35,0.5,15.87,12.43,4.51,0,1.39,0.03,0.22,4.06,0.02,0.94,0.39,0.07,0.18,0.01,0.14,0,1.17,0.19,0.01,0.02,0.86,0.36,0.02,0,0,0,0.01,0,0,0,0,0,0.13,0,0.01,0,0,0.01,0.01,0,0.03
2022-09,16.44,1.19,25.55,0.63,0.1,11.7,0.47,16.65,12.72,4.09,0,1.32,0.03,0.22,3.98,0.02,0.88,0.35,0.07,0.17,0.01,0.12,0,1.34,0.17,0.01,0.02,1.01,0.43,0.02,0,0,0,0,0,0,0,0,0,0.13,0,0.01,0,0,0.01,0,0.08,0.03
2022-10,16.37,1.11,24.93,0.59,0.11,12.01,0.44,16.92,12.91,3.93,0,1.29,0.02,0.2,4.12,0.02,0.83,0.31,0.07,0.15,0.01,0.11,0,1.4,0.2,0.01,0.01,1.13,0.43,0.02,0,0,0,0,0,0,0,0,0,0.13,0,0.01,0,0,0.01,0,0.15,0.03
2022-11,16.05,1.28,25.27,0.54,0.1,11.91,0.4,16.5,13.29,3.91,0,1.32,0.02,0.18,4.28,0.02,0.79,0.31,0.06,0.13,0.01,0.1,0,1.38,0.2,0.01,0.01,1.16,0.4,0.01,0,0,0,0,0,0,0,0,0,0.13,0,0.01,0,0,0.01,0,0.14,0.04
2022-12,18.84,1.44,24.26,0.5,0.1,11.56,0.35,15.81,13.27,3.54,0,1.29,0.02,0.15,4.05,0.01,0.73,0.28,0.05,0.11,0.01,0.09,0,1.35,0.19,0.01,0.01,1.26,0.36,0.01,0,0,0,0,0,0,0,0,0,0.14,0,0.01,0,0,0,0,0.13,0.03
2023-01,15.42,1.54,24.98,0.49,0.1,12.19,0.35,16.66,14.08,3.55,0,1.35,0.02,0.15,4.11,0.01,0.73,0.28,0.05,0.11,0.01,0.09,0,1.43,0.19,0.01,0.01,1.37,0.36,0.01,0,0,0,0,0,0,0,0,0,0.16,0,0.01,0,0,0,0,0.13,0.03
2023-02,15.37,1.84,24.93,0.49,0.09,12.15,0.34,16.54,13.99,3.59,0,1.42,0.02,0.15,4.17,0.01,0.72,0.27,0.05,0.1,0.01,0.08,0,1.39,0.2,0.01,0.01,1.32,0.36,0.01,0,0,0,0,0,0,0,0,0,0.15,0,0.01,0,0,0,0,0.14,0.03
2023-03,15.45,2,24.68,0.5,0.09,12.09,0.34,16.42,13.8,3.89,0,1.46,0.02,0.15,4.29,0.01,0.7,0.27,0.05,0.1,0.01,0.08,0,1.37,0.22,0.01,0.01,1.3,0.35,0.01,0,0,0,0,0,0,0,0,0,0.14,0,0.01,0,0,0,0,0.14,0.03
2023-04,15.41,2.33,24.24,0.49,0.09,12.14,0.35,16.55,13.58,4.21,0,1.49,0.02,0.15,4.14,0.01,0.68,0.25,0.04,0.1,0.01,0.08,0,1.39,0.22,0.01,0.01,1.3,0.37,0.01,0,0,0,0,0,0,0,0,0,0.14,0,0.01,0,0,0,0,0.15,0.03
2023-05,15.09,4.48,22.93,0.48,0.08,11.83,0.34,16.54,12.93,4.93,0,1.42,0.02,0.14,4.05,0.01,0.63,0.23,0.04,0.1,0.01,0.08,0,1.4,0.22,0.01,0.01,1.21,0.39,0.01,0,0,0,0,0,0,0,0,0,0.12,0,0.01,0,0,0,0,0.15,0.07
2023-06,14.35,6.25,21.76,0.42,0.07,11.92,0.3,17.4,13.04,4.18,0,1.35,0.02,0.12,4.11,0.01,0.56,0.2,0.03,0.12,0.01,0.07,0,1.41,0.23,0,0.01,1.26,0.39,0.01,0,0,0,0,0,0,0,0,0,0.12,0,0.01,0,0,0,0,0.13,0.13
2023-07,14.18,5.83,21.81,0.4,0.07,12.04,0.28,17.6,13.43,3.88,0,1.42,0.02,0.11,4.32,0.01,0.55,0.19,0.03,0.12,0.01,0.06,0,1.37,0.22,0,0.01,1.28,0.35,0.01,0,0,0,0,0,0,0,0,0,0.12,0,0.01,0,0,0,0,0.12,0.14
2023-08,14.09,6.11,21.23,0.39,0.06,12.04,0.25,17.76,13.4,3.98,0,1.47,0.01,0.1,4.54,0.01,0.53,0.18,0.03,0.1,0.01,0.06,0,1.34,0.25,0,0.01,1.29,0.33,0.01,0,0,0,0,0,0,0,0,0,0.12,0,0.01,0,0,0,0,0.11,0.15
2023-09,14.14,6.52,21.05,0.4,0.06,12,0.25,17.72,13.21,3.94,0,1.51,0.01,0.1,4.6,0.01,0.52,0.18,0.03,0.1,0.01,0.06,0,1.35,0.25,0,0,1.25,0.32,0.01,0,0,0,0,0,0,0,0,0,0.12,0,0,0,0,0,0,0.11,0.15
2023-10,14.02,6.35,20.93,0.38,0.06,11.97,0.24,17.9,13.23,3.85,0,1.58,0.01,0.11,4.62,0.01,0.49,0.17,0.03,0.11,0.01,0.06,0,1.38,0.29,0,0,1.47,0.36,0.01,0,0,0,0,0,0,0,0,0,0.12,0,0,0,0,0,0,0.1,0.15
2023-11,13.73,5.95,20.88,0.36,0.05,11.87,0.22,18,13.56,3.94,0,1.68,0.01,0.1,4.61,0.01,0.45,0.15,0.03,0.13,0.01,0.05,0,1.45,0.26,0,0,1.7,0.41,0.01,0,0,0,0,0,0,0,0,0,0.11,0,0,0,0,0,0,0.09,0.15
2023-12,13.65,6.24,20.76,0.35,0.05,11.75,0.22,18.02,13.49,4.02,0,1.78,0.01,0.09,4.76,0.01,0.42,0.14,0.02,0.11,0,0.05,0,1.38,0.26,0,0,1.64,0.39,0.01,0,0,0,0,0,0,0,0,0,0.1,0,0,0,0,0,0,0.09,0.16
