"Date","Samsung","Apple","Unknown","Xiaomi","Huawei","Nokia","Oppo","LG","Motorola","Sony","Lenovo","HTC","Micromax","Vivo","Mobicel","Realme","Asus","Google","General Mobile","RIM","BBK","OnePlus","ZTE","Alcatel","Tecno","Infinix","Lava","Gionee","Vodafone","Itel","Turkcell","Wiko","Coolpad","Casper","Lyf","Vestel","Hisense","Spice","AIS","Meizu","bq","QMobile","LeEco","Panasonic","True","Reliance Digital","Acer","Kyocera","InFocus","Intex","Honor","Xolo","Smartfren","Blu","Archos","HP","Infinex","i-Mobile","Condor","Pantech","Avea","Karbonn","dtac","Yu","Sharp","Symphony","Lanix","T-Mobile","Other"
2014-01,27.85,23.52,13.56,0.07,0.95,18.42,0,2.99,0.89,1.97,0.36,2.28,1.78,0,0,0,0,0.44,0.01,3.12,0,0,0.39,0.36,0,0,0,0,0.08,0,0.09,0,0.02,0,0,0,0.03,0.32,0,0.01,0,0,0,0,0,0,0.07,0.1,0,0,0,0,0,0,0.02,0.05,0,0,0,0.16,0,0,0,0,0.01,0,0,0.01,0.09
2014-02,30.4,22.94,11.43,0.08,0.98,17.27,0.02,3.07,1.1,2.65,0.4,2.25,1.81,0,0,0,0,0.53,0.52,2.7,0,0,0.39,0.4,0,0,0,0,0.11,0,0.11,0,0.03,0,0,0,0.02,0.3,0,0.01,0,0,0,0,0,0,0.07,0.09,0,0,0,0,0,0,0.02,0.05,0,0,0,0.14,0.01,0,0,0,0.01,0,0,0.01,0.08
2014-03,30.57,23.57,10.85,0.06,1.03,16.37,0.04,3.14,1.39,2.93,0.44,2.2,1.89,0,0,0,0,0.56,0.49,2.58,0,0,0.4,0.46,0,0,0,0,0.1,0,0.1,0,0.02,0,0,0,0.04,0.3,0,0.01,0,0,0,0,0,0,0.07,0.09,0,0,0,0,0,0,0.02,0.04,0,0,0,0.12,0.01,0,0,0,0,0,0,0.01,0.1
2014-04,31.59,23.21,10.51,0.08,1.1,15.61,0.05,3.16,1.44,3.11,0.49,2.25,1.88,0,0,0,0,0.59,0.65,2.23,0,0,0.44,0.49,0,0,0,0,0.11,0,0.12,0.01,0.03,0,0,0,0.04,0.3,0,0.01,0,0,0,0,0,0,0.08,0.08,0,0,0,0,0,0,0.02,0.05,0,0,0,0.1,0.02,0,0,0,0,0,0,0.01,0.12
2014-05,32.79,23.21,10.3,0.08,1.17,14.44,0.05,3.38,1.76,3.18,0.51,2.19,1.84,0,0,0,0,0.61,0.56,1.96,0.01,0,0.42,0.49,0,0,0,0,0.12,0,0.1,0.01,0.03,0,0,0,0.04,0.29,0,0.01,0,0,0,0,0,0,0.09,0.08,0,0,0,0,0,0,0.03,0.05,0,0,0,0.09,0.02,0,0,0,0,0,0,0,0.12
2014-06,32.6,24.25,10.31,0.08,1.28,13.34,0.06,3.36,1.63,3.19,0.56,2.26,1.92,0,0,0,0,0.62,0.57,1.94,0.01,0,0.43,0.52,0,0,0,0,0.11,0,0.09,0.01,0.04,0,0,0,0.05,0.28,0,0.01,0,0,0,0,0,0,0.1,0.08,0,0,0,0,0,0,0.03,0.05,0,0,0,0.08,0.02,0,0,0,0,0,0,0,0.13
2014-07,32.55,24.87,10.04,0.14,1.29,12.64,0.07,3.4,1.76,3.47,0.55,2.27,1.96,0,0,0,0.03,0.67,0.48,1.73,0.01,0,0.38,0.54,0,0,0.05,0,0.11,0,0.07,0.06,0.04,0,0,0,0.04,0.27,0,0.01,0.02,0,0,0,0,0,0.1,0.07,0,0,0,0,0,0,0.03,0.06,0,0,0,0.07,0.02,0,0,0,0.01,0,0,0,0.14
2014-08,32.77,23.55,10.33,0.19,1.3,12.54,0.11,3.49,1.88,3.47,0.62,2.31,2.16,0,0,0,0.11,0.64,0.61,1.66,0.01,0,0.41,0.54,0,0,0.06,0,0.11,0,0.11,0.05,0.05,0,0,0,0.07,0.31,0,0.01,0.03,0,0,0,0,0,0.09,0.09,0,0,0,0,0,0,0.03,0.06,0,0,0,0.07,0.03,0,0,0,0.01,0,0,0.01,0.14
2014-09,33.13,24.72,9.13,0.22,1.33,11.97,0.14,3.55,2.01,3.42,0.64,2.3,2.13,0,0,0,0.14,0.64,0.63,1.64,0.01,0.01,0.41,0.52,0,0,0.06,0,0.12,0,0.14,0.04,0.05,0,0,0,0.07,0.3,0,0.01,0.03,0,0,0,0,0,0.09,0.09,0,0,0,0,0,0,0.03,0.06,0,0,0,0.06,0.03,0,0,0,0.01,0,0,0.01,0.12
2014-10,33.68,25.96,8.47,0.28,1.44,10.3,0.13,3.8,2.29,3.62,0.61,2.26,1.91,0,0,0,0.16,0.63,0.69,1.34,0.02,0.02,0.46,0.57,0,0,0.06,0,0.14,0,0.18,0.07,0.04,0.01,0,0,0.06,0.25,0,0.02,0.06,0,0,0,0,0,0.09,0.08,0,0,0,0,0,0,0.05,0.07,0,0,0,0.05,0.03,0,0,0,0,0,0,0,0.12
2014-11,33.86,23.02,9.33,0.36,1.44,10.55,0.18,4.11,2.85,3.69,0.69,2.22,2.15,0,0,0,0.22,0.59,0.79,1.36,0.03,0.03,0.47,0.54,0,0,0.07,0,0.14,0,0.2,0.06,0.05,0.03,0,0,0.08,0.28,0,0.02,0.07,0,0,0,0,0,0.09,0.09,0,0,0,0,0,0,0.04,0.07,0,0,0,0.05,0.03,0,0,0,0.01,0,0,0,0.14
2014-12,33,23.51,9.37,0.43,1.46,10.9,0.22,4.01,2.58,3.64,0.77,2.3,2.15,0,0,0,0.3,0.58,0.65,1.38,0.04,0.04,0.49,0.6,0,0,0.1,0,0.13,0,0.15,0.07,0.06,0.04,0,0,0.1,0.28,0,0.02,0.07,0,0,0,0,0,0.08,0.11,0.01,0,0,0,0,0,0.04,0.06,0,0,0,0.04,0.02,0,0,0,0.02,0,0,0,0.15
2015-01,32.21,22.75,9.69,0.52,1.57,11.24,0.27,4.01,2.28,3.6,0.93,2.37,2.3,0,0,0,0.43,0.59,0.88,1.36,0.05,0.06,0.52,0.66,0,0,0.13,0,0.13,0,0.2,0.06,0.07,0.06,0,0.01,0.11,0.28,0,0.03,0.06,0,0,0,0,0,0.08,0.1,0.02,0,0,0,0,0,0.04,0.07,0,0,0,0.05,0.03,0,0,0,0.02,0,0,0,0.17
2015-02,32,23.17,9.61,0.6,1.65,10.25,0.31,4.19,2.29,3.62,1,2.42,2.23,0,0,0,0.53,0.57,1.05,1.25,0.05,0.07,0.58,0.71,0,0,0.12,0,0.14,0,0.24,0.06,0.08,0.08,0,0.02,0.11,0.25,0.02,0.04,0.06,0,0,0,0,0,0.07,0.1,0.03,0,0,0,0,0,0.04,0.07,0,0,0,0.05,0.04,0,0,0,0.02,0,0,0,0.18
2015-03,32.09,22.64,10.06,0.63,1.69,9.68,0.35,4.18,2.3,3.62,1.06,2.41,2.44,0,0,0,0.6,0.58,1.1,1.25,0.06,0.08,0.58,0.71,0,0,0.13,0,0.13,0,0.24,0.07,0.09,0.1,0,0.03,0.12,0.24,0.05,0.05,0.08,0,0,0,0,0,0.07,0.1,0.02,0,0,0,0,0,0.04,0.07,0,0,0,0.04,0.05,0,0,0,0.02,0,0,0,0.17
2015-04,32.26,20.78,10.85,0.63,1.78,9.86,0.4,4.21,2.32,3.69,1.14,2.41,2.49,0,0,0,0.67,0.65,1.19,1.27,0.07,0.09,0.59,0.7,0,0,0.13,0,0.14,0,0.25,0.07,0.09,0.11,0,0.04,0.13,0.24,0.07,0.05,0.08,0,0,0,0,0,0.07,0.09,0.02,0,0,0,0,0,0.04,0.06,0,0,0,0.04,0.05,0,0,0,0.02,0,0,0,0.15
2015-05,32.2,20.22,11.29,0.72,1.83,9.76,0.46,4.18,2.29,3.65,1.2,2.35,2.56,0,0,0,0.7,0.7,1.2,1.19,0.09,0.09,0.6,0.67,0,0,0.13,0.01,0.13,0,0.25,0.07,0.11,0.12,0,0.06,0.13,0.23,0.09,0.06,0.09,0,0,0,0,0,0.07,0.09,0.03,0,0,0,0,0,0.04,0.06,0,0,0,0.03,0.05,0,0,0,0.02,0,0.01,0,0.16
2015-06,31.57,20.22,12.2,0.79,1.88,9.58,0.47,4.14,2.25,3.49,1.3,2.28,2.69,0,0,0,0.7,0.63,1.14,1.32,0.09,0.09,0.58,0.64,0,0,0.12,0.01,0.13,0,0.24,0.07,0.11,0.12,0,0.06,0.14,0.23,0.08,0.07,0.07,0,0,0,0,0,0.07,0.09,0.03,0,0,0,0,0,0.03,0.06,0,0,0,0.03,0.05,0,0,0,0.02,0,0.01,0,0.14
2015-07,31.4,20.41,12.33,0.8,1.94,9.13,0.47,4.21,2.13,3.36,1.41,2.27,2.55,0,0,0,0.71,0.87,1.37,1.25,0.12,0.09,0.58,0.62,0,0,0.1,0.01,0.13,0,0.28,0.07,0.13,0.15,0,0.08,0.14,0.21,0.07,0.07,0.06,0,0,0,0,0,0.06,0.08,0.03,0,0,0,0,0,0.03,0.05,0,0,0,0.03,0.06,0,0,0,0.02,0,0.01,0,0.13
2015-08,31.73,19.03,13.3,0.92,2.14,8.61,0.55,4.1,2.08,3.26,1.53,2.19,2.6,0,0,0,0.8,0.79,1.44,1.42,0.17,0.08,0.57,0.58,0,0,0.1,0.01,0.15,0,0.29,0.06,0.15,0.16,0,0.09,0.17,0.2,0.09,0.1,0.07,0,0,0,0,0,0.06,0.07,0.02,0,0,0,0,0,0.03,0.05,0,0,0,0.03,0.06,0,0,0,0.02,0,0.01,0,0.12
2015-09,32.52,18.14,13.56,0.78,2.16,8.32,0.54,4.15,2.11,3.24,1.62,2.19,2.64,0,0,0,0.87,0.83,1.49,1.32,0.16,0.08,0.56,0.57,0,0,0.09,0.02,0.16,0,0.28,0.06,0.11,0.17,0,0.09,0.2,0.19,0.13,0.09,0.07,0,0,0,0,0,0.06,0.07,0.02,0,0,0,0,0,0.03,0.05,0,0,0,0.02,0.06,0,0,0,0.01,0,0.01,0,0.11
2015-10,32.64,17.7,13.64,0.74,2.21,8.36,0.5,4.26,2.12,3.25,1.67,2.23,2.62,0,0,0,0.88,0.91,1.65,1.16,0.15,0.08,0.56,0.54,0,0,0.09,0.03,0.17,0,0.29,0.07,0.11,0.18,0,0.1,0.18,0.19,0.13,0.08,0.08,0,0,0,0,0,0.06,0.06,0.02,0,0,0,0,0,0.03,0.05,0,0,0,0.02,0.07,0,0,0,0.01,0,0.01,0,0.11
2015-11,31.76,19.3,13.58,0.7,2.27,8.13,0.45,4.36,2.2,3.23,1.73,2.22,2.49,0,0,0,0.85,0.95,1.45,1.06,0.13,0.09,0.53,0.53,0,0,0.07,0.04,0.15,0,0.26,0.07,0.09,0.16,0,0.09,0.15,0.18,0.11,0.08,0.09,0,0,0,0,0,0.06,0.06,0.02,0,0,0,0,0,0.04,0.05,0,0,0,0.02,0.06,0,0,0,0.01,0,0.02,0,0.11
2015-12,30.92,19.21,14.91,0.73,2.41,7.94,0.48,4.19,2.08,3.14,1.93,2.22,2.62,0,0,0,0.86,0.85,1.23,1.15,0.15,0.09,0.51,0.5,0,0,0.07,0.04,0.14,0,0.21,0.07,0.09,0.13,0,0.08,0.17,0.17,0.1,0.09,0.1,0,0,0,0,0,0.06,0.06,0.02,0,0,0,0,0,0.04,0.04,0,0,0,0.02,0.05,0,0,0,0.01,0,0.02,0,0.1
2016-01,30.56,19.58,15.58,0.75,2.59,7.43,0.47,4.28,2.18,3.07,2,2.17,2.57,0,0,0,0.85,0.71,1.16,1.04,0.15,0.09,0.48,0.47,0,0,0.07,0.05,0.14,0,0.2,0.07,0.09,0.13,0,0.07,0.16,0.16,0.09,0.09,0.11,0,0,0,0,0,0.06,0.05,0.02,0,0,0,0,0,0.04,0.05,0,0,0,0.02,0.05,0,0,0,0.01,0,0.02,0,0.1
2016-02,30.63,19.47,15.96,0.82,2.73,7.26,0.48,4.1,2.09,3.01,2.15,2.18,2.63,0,0,0,0.88,0.57,1.05,1.05,0.16,0.09,0.46,0.45,0,0,0.06,0.05,0.16,0,0.19,0.07,0.09,0.12,0,0.07,0.16,0.16,0.08,0.09,0.1,0,0,0,0,0,0.05,0.05,0.02,0,0,0,0,0,0.04,0.04,0,0,0,0.02,0.04,0,0,0,0.01,0,0.01,0,0.1
2016-03,32.65,18.82,14.27,1.01,2.94,6.66,0.58,4.1,2.05,3.13,2.17,2.11,2.46,0,0,0,1.14,0.54,1.13,0.98,0.17,0.12,0.47,0.46,0,0,0.06,0.06,0.26,0,0.25,0.09,0.1,0.16,0,0.08,0.15,0.15,0.08,0.1,0.11,0,0,0,0,0,0.05,0.04,0.02,0,0,0,0,0,0.04,0.04,0,0,0,0.01,0.04,0,0,0,0.01,0,0.01,0,0.12
2016-04,32.34,18.8,14.73,1.06,3.12,6.47,0.57,4.1,2.09,3.07,2.25,2.07,2.35,0,0,0,1.15,0.55,1.01,1.02,0.19,0.13,0.48,0.45,0,0,0.05,0.07,0.26,0,0.23,0.1,0.11,0.14,0,0.07,0.14,0.14,0.06,0.12,0.12,0,0,0,0,0,0.05,0.04,0.02,0,0,0,0,0,0.04,0.04,0,0,0,0.01,0.04,0,0,0,0.01,0,0.01,0,0.12
2016-05,32.17,18.63,15.49,1.05,3.25,6.23,0.54,3.98,2.13,2.98,2.34,2.01,2.46,0,0,0,1.13,0.62,0.89,0.99,0.18,0.13,0.46,0.43,0,0,0.05,0.07,0.25,0,0.21,0.1,0.1,0.13,0,0.06,0.14,0.14,0.06,0.11,0.12,0,0,0,0,0,0.05,0.03,0.01,0,0,0,0,0,0.04,0.04,0,0,0,0.01,0.04,0,0,0,0.01,0,0.01,0,0.11
2016-06,32.49,20.33,14.5,0.99,3.56,5.42,0.48,4.3,2.11,2.95,2.18,2.03,2.01,0,0,0,1.03,0.73,0.91,0.88,0.19,0.14,0.48,0.44,0,0,0.04,0.06,0.25,0,0.21,0.11,0.1,0.14,0,0.07,0.09,0.12,0.07,0.12,0.11,0,0,0,0,0,0.05,0.03,0.01,0,0,0,0,0,0.04,0.03,0,0,0,0.01,0.03,0,0,0,0.01,0,0.01,0,0.12
2016-07,32.19,19.89,15.36,1.02,3.74,5.36,0.47,4.23,2.2,2.77,2.24,2,1.96,0,0,0,0.99,0.88,0.87,0.8,0.21,0.14,0.48,0.42,0,0,0.03,0.07,0.24,0,0.2,0.11,0.11,0.13,0,0.07,0.07,0.11,0.06,0.13,0.11,0,0,0,0,0,0.05,0.03,0.01,0,0,0,0,0,0.04,0.03,0,0,0,0.01,0.03,0,0,0,0.01,0,0.01,0,0.12
2016-08,32.17,20.07,15.96,0.94,3.87,5.09,0.41,4.32,2.23,2.66,2.24,1.98,1.95,0,0,0,0.95,0.68,0.9,0.68,0.18,0.13,0.47,0.4,0,0,0.03,0.07,0.22,0,0.2,0.11,0.1,0.13,0,0.07,0.06,0.1,0.07,0.12,0.12,0,0,0,0,0,0.05,0.03,0.01,0,0,0,0,0,0.04,0.03,0,0,0,0.01,0.03,0,0,0,0.01,0,0.01,0,0.12
2016-09,32.33,19.38,17.1,0.92,3.83,4.78,0.38,4.18,2.26,2.56,2.47,1.99,2.14,0,0,0,0.96,0.38,0.9,0.64,0.15,0.13,0.46,0.37,0,0,0.04,0.1,0.21,0,0.2,0.11,0.08,0.13,0,0.07,0.05,0.11,0.08,0.11,0.11,0,0,0,0,0,0.04,0.03,0.01,0,0,0,0,0,0.04,0.03,0,0,0,0.01,0.03,0,0,0,0,0,0.01,0,0.1
2016-10,32.7,19.12,16.06,1.35,3.69,4.38,0.72,4.04,2.36,2.39,2.82,1.91,2.1,0,0,0,1.04,0.37,0.94,0.6,0.3,0.15,0.49,0.35,0,0.01,0.03,0.15,0.22,0,0.21,0.13,0.13,0.16,0.05,0.1,0.04,0.1,0.09,0.1,0.11,0,0.08,0,0,0.11,0.04,0.02,0.01,0,0,0,0,0,0.04,0.03,0,0,0,0.01,0.03,0,0.01,0,0.02,0,0.01,0,0.09
2016-11,34.09,18.85,11.81,1.87,3.63,3.84,1.36,4.06,2.28,2.37,2.82,1.79,1.97,0,0,0,1.14,0.39,1.04,0.56,0.91,0.17,0.58,0.44,0.02,0.07,0.19,0.3,0.38,0,0.25,0.22,0.23,0.2,0.31,0.16,0.03,0.09,0.24,0.1,0.12,0.02,0.18,0.07,0.08,0.24,0.06,0.04,0.02,0,0,0,0.02,0.02,0.03,0.02,0,0.05,0,0.01,0.03,0,0.03,0.05,0.01,0,0.01,0,0.12
2016-12,33.63,18.89,10.31,2.11,3.68,3.57,1.63,3.89,2.19,2.39,2.91,1.74,2.03,0,0,0,1.17,0.39,0.97,0.46,1.1,0.19,0.62,0.56,0.14,0.22,0.41,0.41,0.4,0.01,0.24,0.23,0.26,0.2,0.46,0.16,0.04,0.08,0.35,0.11,0.12,0.07,0.2,0.17,0.17,0.25,0.08,0.05,0.06,0.01,0,0.04,0.05,0.04,0.03,0.02,0,0.08,0.01,0.01,0.03,0.01,0.03,0.07,0.01,0,0.02,0,0.2
2017-01,33.71,19.73,8.78,2.16,3.78,3.41,1.9,3.87,2.12,2.3,2.92,1.66,1.83,0,0,0,1.23,0.38,0.98,0.45,1.32,0.2,0.63,0.56,0.12,0.2,0.58,0.42,0.33,0.02,0.24,0.25,0.27,0.21,0.5,0.18,0.05,0.07,0.36,0.11,0.12,0.13,0.19,0.21,0.22,0.23,0.08,0.05,0.07,0.02,0,0.06,0.08,0.05,0.03,0.02,0,0.1,0.01,0.01,0.03,0.01,0.05,0.07,0.01,0,0.03,0,0.27
2017-02,33.11,19.45,8.22,2.39,3.95,3.29,2.14,3.75,2.12,2.22,3.08,1.64,1.76,0,0.07,0,1.25,0.38,0.9,0.48,1.49,0.22,0.62,0.59,0.36,0.38,0.58,0.47,0.31,0.1,0.22,0.26,0.3,0.21,0.55,0.18,0.06,0.05,0.32,0.12,0.11,0.18,0.2,0.22,0.22,0.23,0.08,0.05,0.08,0.08,0,0.07,0.09,0.07,0.03,0.02,0,0.1,0.02,0.01,0.02,0.02,0.06,0.07,0.01,0.01,0.03,0,0.34
2017-03,33.16,19.5,8.13,2.59,3.95,2.97,2.34,3.72,2.13,2.13,3.11,1.6,1.77,0,0.12,0,1.27,0.39,0.93,0.39,1.63,0.23,0.63,0.58,0.27,0.2,0.58,0.47,0.31,0.1,0.23,0.25,0.3,0.22,0.54,0.2,0.06,0.06,0.3,0.12,0.11,0.17,0.21,0.22,0.23,0.22,0.08,0.05,0.08,0.1,0,0.08,0.08,0.08,0.03,0.02,0,0.1,0.02,0.01,0.02,0.03,0.06,0.07,0.01,0.02,0.03,0,0.39
2017-04,33.02,19.87,7.79,2.77,4.15,2.69,2.51,3.64,2.11,2.11,3.07,1.56,1.62,0,0.25,0,1.29,0.36,0.92,0.35,1.66,0.26,0.64,0.58,0.26,0.2,0.66,0.45,0.3,0.1,0.22,0.28,0.29,0.23,0.49,0.21,0.05,0.05,0.36,0.12,0.12,0.16,0.2,0.2,0.26,0.18,0.08,0.04,0.08,0.09,0,0.07,0.08,0.08,0.03,0.02,0,0.12,0.03,0.01,0.02,0.04,0.08,0.06,0.01,0.02,0.03,0,0.41
2017-05,33.17,19.32,7.56,3.06,4.37,2.7,2.83,3.58,2.1,2.04,3.07,1.49,1.54,0,0.43,0,1.32,0.35,0.84,0.34,1.74,0.26,0.64,0.57,0.26,0.21,0.64,0.47,0.28,0.1,0.21,0.28,0.29,0.22,0.49,0.21,0.05,0.04,0.35,0.12,0.12,0.16,0.2,0.19,0.24,0.17,0.08,0.04,0.07,0.09,0,0.07,0.09,0.08,0.03,0.01,0,0.12,0.02,0.01,0.02,0.04,0.08,0.06,0.01,0.02,0.03,0,0.4
2017-06,33.1,19.35,7.37,3.28,4.48,2.5,2.97,3.65,2.11,1.99,3.09,1.46,1.48,0,0.62,0,1.29,0.34,0.8,0.3,1.71,0.25,0.66,0.58,0.28,0.23,0.59,0.48,0.27,0.13,0.19,0.27,0.29,0.22,0.48,0.21,0.06,0.04,0.29,0.13,0.1,0.15,0.19,0.19,0.22,0.16,0.07,0.05,0.07,0.1,0,0.07,0.1,0.08,0.03,0.01,0,0.1,0.05,0.01,0.02,0.04,0.08,0.06,0.01,0.03,0.03,0,0.42
2017-07,33.4,18.78,7.59,3.55,4.56,2.42,3.06,3.69,2.19,1.93,3.09,1.41,1.37,0,0.78,0,1.29,0.34,0.8,0.3,1.63,0.23,0.64,0.57,0.3,0.23,0.52,0.47,0.27,0.15,0.18,0.25,0.3,0.23,0.43,0.22,0.06,0.03,0.25,0.13,0.08,0.18,0.18,0.18,0.23,0.14,0.07,0.05,0.06,0.09,0,0.07,0.12,0.08,0.03,0.01,0,0.08,0.04,0.01,0.02,0.04,0.07,0.05,0.01,0.04,0.03,0,0.42
2017-08,33.12,20.32,6.97,3.58,4.7,2.2,2.98,3.82,2.29,1.86,2.91,1.38,1.23,0,0.9,0,1.2,0.33,0.8,0.28,1.51,0.23,0.66,0.58,0.31,0.23,0.48,0.44,0.28,0.16,0.18,0.25,0.28,0.24,0.37,0.22,0.06,0.03,0.22,0.12,0.1,0.17,0.17,0.16,0.21,0.12,0.06,0.05,0.06,0.09,0,0.06,0.11,0.08,0.03,0.01,0,0.08,0.04,0.01,0.02,0.04,0.06,0.04,0.01,0.03,0.04,0,0.42
2017-09,33.71,19.37,7.42,3.59,4.85,2.07,3.02,3.82,2.31,1.88,2.86,1.35,1.17,0,0.97,0,1.21,0.31,0.79,0.27,1.39,0.24,0.66,0.61,0.34,0.25,0.47,0.41,0.29,0.17,0.17,0.26,0.25,0.24,0.34,0.23,0.06,0.03,0.22,0.11,0.11,0.17,0.15,0.15,0.21,0.11,0.06,0.04,0.06,0.08,0,0.06,0.13,0.09,0.03,0.01,0,0.07,0.04,0.01,0.02,0.04,0.06,0.04,0.01,0.03,0.05,0,0.44
2017-10,32.63,19.99,7.48,4,5.06,2.09,3.28,3.58,2.41,1.82,2.79,1.24,1.14,0,1.17,0,1.16,0.32,0.6,0.26,1.4,0.32,0.64,0.56,0.37,0.25,0.49,0.41,0.26,0.17,0.13,0.29,0.26,0.19,0.31,0.19,0.06,0.03,0.22,0.12,0.12,0.16,0.15,0.15,0.22,0.11,0.06,0.04,0.06,0.09,0,0.06,0.1,0.08,0.03,0.01,0,0.07,0.03,0.01,0.01,0.05,0.07,0.04,0.01,0.03,0.04,0,0.44
2017-11,31.88,20.34,7.46,4.38,5.06,1.96,3.34,3.52,2.54,1.78,2.86,1.23,1.21,0,1.33,0,1.13,0.34,0.58,0.22,1.38,0.32,0.63,0.49,0.37,0.25,0.5,0.44,0.22,0.18,0.13,0.28,0.27,0.18,0.33,0.19,0.05,0.04,0.2,0.12,0.13,0.15,0.16,0.16,0.21,0.11,0.05,0.04,0.07,0.1,0,0.06,0.08,0.08,0.03,0.01,0,0.07,0.03,0.01,0.01,0.06,0.07,0.05,0.01,0.03,0.03,0,0.43
2017-12,31.65,19.91,7.68,4.75,4.96,2,3.42,3.48,2.55,1.71,2.94,1.19,1.26,0,1.49,0,1.13,0.4,0.56,0.2,1.4,0.25,0.63,0.46,0.37,0.26,0.51,0.45,0.21,0.19,0.12,0.26,0.28,0.18,0.33,0.2,0.05,0.04,0.18,0.12,0.12,0.13,0.17,0.17,0.18,0.12,0.05,0.04,0.07,0.11,0,0.06,0.09,0.07,0.03,0.01,0,0.06,0.04,0.01,0.01,0.08,0.07,0.05,0.01,0.03,0.03,0,0.42
2018-01,31.81,19.64,7.52,4.85,5.26,2.04,3.45,3.48,2.64,1.71,2.87,1.12,1.24,0,1.62,0,1.1,0.43,0.56,0.18,1.35,0.19,0.62,0.46,0.38,0.26,0.49,0.46,0.21,0.2,0.12,0.26,0.27,0.18,0.32,0.2,0.05,0.04,0.15,0.12,0.12,0.13,0.16,0.17,0.15,0.11,0.05,0.04,0.07,0.11,0,0.07,0.08,0.08,0.03,0.01,0,0.06,0.04,0.01,0.01,0.08,0.06,0.05,0.02,0.03,0.03,0,0.43
2018-02,31.94,20.15,7.34,5.11,5.46,1.71,3.59,3.47,2.59,1.64,2.75,1.06,1.05,0,1.71,0,1.15,0.41,0.53,0.17,1.28,0.15,0.62,0.45,0.38,0.25,0.47,0.42,0.2,0.18,0.11,0.26,0.26,0.17,0.28,0.19,0.06,0.03,0.15,0.12,0.11,0.14,0.16,0.15,0.15,0.09,0.05,0.03,0.06,0.1,0,0.07,0.1,0.07,0.02,0.01,0,0.05,0.04,0.01,0.01,0.07,0.06,0.04,0.01,0.04,0.03,0,0.42
2018-03,31.14,20.83,8.19,4.97,5.82,1.6,3.4,3.27,2.66,1.6,2.6,1.03,1.04,0,1.75,0,1.08,0.44,0.38,0.16,1.22,0.16,0.61,0.49,0.42,0.26,0.44,0.42,0.2,0.21,0.08,0.27,0.25,0.12,0.27,0.14,0.06,0.03,0.13,0.11,0.13,0.16,0.15,0.15,0.14,0.09,0.05,0.03,0.05,0.1,0,0.08,0.1,0.08,0.03,0.01,0,0.05,0.05,0.01,0.01,0.07,0.06,0.04,0.01,0.05,0.03,0,0.42
2018-04,30.76,19.23,7.81,6.12,6.21,1.73,3.97,3.22,2.68,1.57,2.53,0.97,1.06,0,1.96,0,1.09,0.44,0.28,0.16,1.29,0.16,0.63,0.47,0.53,0.33,0.39,0.45,0.2,0.25,0.05,0.26,0.22,0.09,0.27,0.11,0.07,0.04,0.09,0.13,0.12,0.17,0.16,0.16,0.09,0.09,0.05,0.03,0.06,0.11,0,0.09,0.1,0.07,0.03,0.01,0,0.03,0.05,0.01,0,0.07,0.04,0.04,0.02,0.06,0.03,0.01,0.46
2018-05,30.15,18.97,7.11,7.02,6.58,1.52,4.19,3.13,2.81,1.5,2.59,0.93,1.06,0,2.22,0,1.01,0.42,0.21,0.12,1.33,0.17,0.63,0.47,0.55,0.35,0.48,0.49,0.18,0.3,0.04,0.27,0.24,0.06,0.28,0.08,0.07,0.03,0.09,0.13,0.11,0.17,0.16,0.17,0.1,0.09,0.04,0.03,0.08,0.12,0,0.1,0.08,0.06,0.03,0.01,0,0.03,0.05,0.01,0,0.08,0.04,0.04,0.02,0.06,0.03,0.01,0.48
2018-06,30.66,18.91,6.68,7.02,7.01,1.44,4.12,3.23,2.88,1.46,2.45,0.91,0.91,0,2.28,0,0.91,0.43,0.26,0.11,1.24,0.15,0.64,0.49,0.51,0.36,0.52,0.46,0.16,0.31,0.05,0.27,0.22,0.08,0.24,0.1,0.06,0.03,0.08,0.13,0.09,0.23,0.15,0.16,0.1,0.07,0.03,0.03,0.08,0.1,0,0.1,0.05,0.06,0.03,0.01,0,0.03,0.08,0.01,0,0.07,0.04,0.04,0.02,0.06,0.03,0.01,0.53
2018-07,30.7,19.4,6.14,7.34,7.15,1.33,4.23,3.26,2.81,1.42,2.3,0.88,0.8,0,2.45,0,0.91,0.43,0.29,0.1,1.19,0.16,0.61,0.62,0.47,0.33,0.51,0.43,0.15,0.29,0.05,0.28,0.2,0.09,0.22,0.11,0.07,0.03,0.08,0.13,0.08,0.21,0.14,0.15,0.1,0.07,0.03,0.03,0.08,0.09,0,0.1,0.05,0.06,0.02,0.01,0,0.03,0.06,0.01,0,0.07,0.04,0.04,0.02,0.06,0.03,0.01,0.48
2018-08,30.9,20.45,5.66,7.12,7.1,1.29,4.14,3.2,2.68,1.4,2.09,0.9,0.69,0,2.46,0,0.94,0.43,0.42,0.09,1.06,0.31,0.59,0.61,0.46,0.32,0.52,0.39,0.16,0.27,0.07,0.33,0.17,0.13,0.2,0.16,0.06,0.03,0.1,0.11,0.09,0.19,0.13,0.13,0.14,0.06,0.03,0.03,0.07,0.08,0,0.09,0.04,0.06,0.02,0.01,0,0.03,0.06,0.01,0,0.06,0.05,0.03,0.02,0.05,0.03,0.01,0.45
2018-09,30.8,20.66,4.76,7.39,7.57,1.24,4.35,3.11,2.67,1.36,2.06,0.84,0.68,0,2.63,0,0.97,0.45,0.3,0.08,1.03,0.45,0.57,0.58,0.48,0.34,0.55,0.38,0.14,0.27,0.05,0.41,0.17,0.09,0.19,0.12,0.06,0.03,0.11,0.1,0.11,0.18,0.12,0.13,0.16,0.06,0.03,0.03,0.08,0.08,0,0.09,0.03,0.05,0.02,0.01,0,0.04,0.06,0.01,0,0.06,0.05,0.03,0.02,0.05,0.03,0.01,0.45
2018-10,30.07,22.34,4.81,7.26,7.37,1.25,4.14,3.12,2.78,1.29,2,0.83,0.67,0,2.69,0,0.93,0.48,0.33,0.07,0.93,0.45,0.52,0.58,0.45,0.34,0.5,0.34,0.13,0.27,0.05,0.36,0.16,0.1,0.17,0.13,0.06,0.03,0.09,0.1,0.1,0.16,0.11,0.12,0.14,0.05,0.03,0.03,0.07,0.08,0,0.08,0.03,0.05,0.02,0.01,0,0.03,0.06,0.01,0,0.05,0.04,0.03,0.02,0.05,0.03,0.01,0.43
2018-11,28.34,24.44,5.27,7.83,6.31,1.29,4.23,3.07,3.02,0.84,2.15,0.83,0.76,0,3.42,0,0.67,0.51,0.33,0.07,0.85,0.34,0.44,0.37,0.47,0.3,0.53,0.35,0.11,0.3,0.06,0.27,0.16,0.04,0.17,0.07,0.04,0.04,0.08,0.08,0.06,0.14,0.09,0.13,0.1,0.05,0.02,0.02,0.06,0.09,0,0.07,0.03,0.04,0.02,0.01,0,0.02,0.07,0,0,0.06,0.03,0.03,0.01,0.05,0.02,0.01,0.33
2018-12,30.91,21.98,4.52,8.44,7.52,1.21,4.87,2.79,2.75,0.83,1.94,0.78,0.69,0,3.3,0,0.65,0.5,0.41,0.06,0.71,0.52,0.38,0.22,0.43,0.26,0.48,0.3,0.09,0.27,0.06,0.23,0.14,0.04,0.14,0.08,0.03,0.03,0.06,0.07,0.05,0.13,0.07,0.11,0.08,0.05,0.01,0.02,0.05,0.08,0,0.06,0.02,0.03,0.02,0.01,0,0.01,0.06,0,0,0.06,0.02,0.02,0.01,0.04,0.01,0,0.27
2019-01,32.16,22.85,4.43,7.88,7.87,1.16,4.49,2.78,2.72,0.79,1.77,0.76,0.6,0,3.04,0,0.57,0.49,0.46,0.06,0.6,0.5,0.35,0.2,0.39,0.24,0.4,0.26,0.09,0.24,0.07,0.16,0.12,0.04,0.11,0.08,0.03,0.03,0.04,0.06,0.05,0.13,0.06,0.09,0.04,0.04,0.01,0.01,0.04,0.07,0,0.05,0.02,0.03,0.02,0.01,0,0.01,0.05,0,0,0.05,0.01,0.02,0.01,0.04,0.01,0,0.25
2019-02,31.52,23.28,4.65,8.03,8.12,1.19,4.46,2.74,2.77,0.75,1.7,0.72,0.57,0,3.12,0,0.54,0.53,0.36,0.05,0.58,0.52,0.33,0.19,0.39,0.23,0.37,0.25,0.08,0.24,0.06,0.13,0.11,0.03,0.11,0.07,0.03,0.03,0.03,0.06,0.05,0.15,0.06,0.09,0.02,0.03,0.01,0.01,0.04,0.06,0,0.05,0.02,0.02,0.02,0.01,0,0.01,0.04,0,0,0.04,0.01,0.02,0.01,0.06,0.01,0,0.24
2019-03,31.77,22.4,4.11,7.52,8.57,1.19,4.41,2.89,2.72,1.15,1.51,0.66,0.47,0,2.65,0.02,0.91,0.52,0.36,0.06,0.68,0.6,0.39,0.33,0.48,0.32,0.36,0.26,0.11,0.25,0.06,0.19,0.1,0.11,0.1,0.16,0.05,0.02,0.03,0.09,0.1,0.15,0.08,0.09,0.03,0.03,0.02,0.02,0.05,0.05,0,0.07,0.02,0.03,0.02,0,0,0.01,0.05,0,0,0.04,0.01,0.02,0.02,0.07,0.03,0.01,0.4
2019-04,32.16,22.76,4.19,7.21,8.72,1.13,4.35,2.87,2.62,1.14,1.41,0.66,0.4,0,2.58,0.03,0.93,0.55,0.44,0.06,0.63,0.6,0.37,0.34,0.43,0.29,0.33,0.22,0.11,0.23,0.07,0.17,0.09,0.13,0.09,0.2,0.05,0.02,0.02,0.09,0.09,0.15,0.07,0.07,0.03,0.03,0.02,0.02,0.04,0.04,0,0.07,0.03,0.03,0.02,0,0,0.01,0.05,0,0,0.03,0.01,0.02,0.02,0.07,0.02,0.01,0.38
2019-05,31.55,22.66,4.49,7.46,8.97,1.13,4.42,2.89,2.68,1.11,1.35,0.62,0.39,0,2.73,0.03,0.95,0.6,0.36,0.05,0.62,0.61,0.36,0.32,0.47,0.29,0.31,0.21,0.1,0.23,0.05,0.15,0.09,0.11,0.08,0.17,0.05,0.02,0.02,0.08,0.08,0.11,0.07,0.07,0.02,0.02,0.02,0.02,0.04,0.04,0,0.07,0.03,0.03,0.02,0,0,0,0.03,0,0,0.03,0.01,0.02,0.02,0.07,0.02,0.01,0.37
2019-06,31.98,22.04,5.03,7.39,9.04,1.12,4.21,2.81,2.69,1.01,1.33,0.58,0.38,0,2.82,0.04,0.88,0.63,0.47,0.04,0.6,0.6,0.36,0.3,0.42,0.29,0.32,0.21,0.1,0.23,0.06,0.13,0.08,0.14,0.08,0.21,0.04,0.02,0.02,0.07,0.07,0.14,0.06,0.07,0.01,0.02,0.01,0.02,0.04,0.04,0,0.07,0.02,0.03,0.01,0,0,0,0.05,0,0,0.03,0.01,0.02,0.02,0.09,0.02,0.01,0.36
2019-07,31.13,22.01,5.36,7.76,9.15,1.11,4.46,2.56,2.63,0.94,1.3,0.54,0.35,0,3.26,0.04,0.87,0.62,0.42,0.04,0.66,0.58,0.33,0.28,0.4,0.28,0.31,0.2,0.09,0.22,0.06,0.12,0.08,0.12,0.07,0.19,0.14,0.02,0.01,0.08,0.06,0.14,0.06,0.07,0.01,0.02,0.01,0.02,0.03,0.04,0,0.06,0.03,0.03,0.01,0,0,0,0.05,0,0,0.03,0,0.02,0.02,0.08,0.02,0.01,0.36
2019-08,31.47,22.17,3.69,8.38,9.02,1.08,4.73,2.59,2.56,0.9,1.22,0.52,0.32,0.07,3.31,0.29,0.87,0.62,0.42,0.04,0.59,0.58,0.32,0.31,0.46,0.29,0.29,0.19,0.09,0.22,0.05,0.13,0.07,0.12,0.06,0.19,0.23,0.02,0.01,0.09,0.06,0.15,0.06,0.06,0.01,0.02,0.01,0.02,0.03,0.04,0,0.06,0.02,0.02,0.01,0,0,0,0.05,0,0,0.03,0,0.02,0.02,0.04,0.02,0.01,0.62
2019-09,31.18,22.48,3.16,8.26,10.02,1.02,4.57,2.47,2.48,0.85,1.09,0.47,0.29,0.1,3.32,0.49,0.8,0.62,0.41,0.03,0.58,0.65,0.29,0.29,0.45,0.32,0.27,0.18,0.08,0.22,0.05,0.12,0.07,0.12,0.06,0.18,0.45,0.01,0.01,0.08,0.07,0.13,0.05,0.06,0.01,0.02,0.01,0.02,0.03,0.03,0,0.05,0.02,0.02,0.01,0,0,0,0.04,0,0,0.02,0,0.01,0.02,0.04,0.02,0.01,0.67
2019-10,31.49,22.09,3.27,7.79,10.02,0.95,4.1,2.4,2.41,0.84,0.96,0.42,0.28,0.1,3.15,0.54,0.74,2.35,0.42,0.03,0.5,0.7,0.27,0.27,0.42,0.32,0.24,0.15,0.08,0.2,0.05,0.11,0.07,0.12,0.05,0.18,0.51,0.01,0.01,0.08,0.06,0.12,0.05,0.05,0.01,0.01,0.01,0.01,0.03,0.03,0,0.05,0.01,0.02,0.01,0,0,0,0.04,0,0,0.02,0,0.01,0.02,0.03,0.02,0.01,0.71
2019-11,31.36,22.9,3.21,8.16,10.18,0.97,4.42,2.4,2.4,0.83,0.97,0.4,0.24,0.08,3.41,0.78,0.75,0.66,0.43,0.03,0.45,0.73,0.27,0.27,0.45,0.32,0.22,0.14,0.08,0.19,0.05,0.1,0.07,0.13,0.05,0.19,0.52,0.01,0.01,0.07,0.06,0.13,0.05,0.05,0.01,0.01,0.01,0.02,0.03,0.03,0.02,0.05,0.01,0.02,0.01,0,0.02,0,0.04,0,0,0.02,0,0.01,0.02,0.02,0.01,0.01,0.44
2019-12,31.37,24.79,2.67,7.73,9.95,0.9,4.23,2.54,2.5,0.77,0.87,0.38,0.18,0.08,3.19,0.84,0.7,0.75,0.42,0.03,0.39,0.74,0.27,0.27,0.43,0.33,0.18,0.12,0.07,0.18,0.05,0.09,0.07,0.14,0.04,0.19,0.53,0.01,0.01,0.07,0.06,0.11,0.04,0.04,0.01,0.01,0.01,0.03,0.02,0.02,0.02,0.04,0.01,0.02,0.01,0,0.03,0,0.04,0,0,0.01,0,0.01,0.02,0.02,0.01,0.02,0.33
2020-01,31.29,24.76,2.18,8.1,10.61,0.88,4.25,2.4,2.42,0.8,0.86,0.38,0.15,0.08,3.02,0.88,0.69,0.69,0.43,0.03,0.35,0.79,0.26,0.27,0.47,0.37,0.15,0.11,0.07,0.18,0.05,0.09,0.06,0.15,0.03,0.2,0.48,0.01,0.01,0.08,0.06,0.1,0.04,0.03,0,0.01,0.01,0.02,0.02,0.02,0.04,0.04,0.01,0.02,0.01,0,0.02,0,0.03,0,0,0.01,0,0.01,0.02,0.02,0.01,0.02,0.33
2020-02,30.91,25.89,1.95,7.8,10.98,0.81,4.31,2.34,2.36,0.8,0.77,0.37,0.12,0.11,2.89,0.89,0.69,0.7,0.41,0.02,0.34,0.78,0.31,0.28,0.44,0.38,0.13,0.09,0.06,0.15,0.06,0.09,0.06,0.15,0.02,0.19,0.4,0,0.01,0.08,0.06,0.08,0.03,0.03,0,0.01,0.01,0.02,0.02,0.01,0.05,0.04,0.01,0.01,0.01,0,0.02,0,0.03,0,0,0.01,0,0.01,0.02,0.02,0.01,0.02,0.32
2020-03,30.8,27.03,1.83,7.7,10.7,0.72,4.3,2.28,2.35,0.76,0.74,0.36,0.12,0.11,2.87,0.93,0.66,0.73,0.36,0.02,0.31,0.78,0.37,0.28,0.4,0.37,0.12,0.08,0.06,0.13,0.06,0.09,0.05,0.13,0.02,0.17,0.32,0,0,0.07,0.05,0.07,0.03,0.02,0,0.01,0.01,0.02,0.02,0.01,0.05,0.04,0.01,0.01,0.01,0,0.02,0,0.03,0,0,0.01,0,0.01,0.02,0.01,0.01,0.02,0.32
2020-04,30.41,28.79,1.55,7.6,10.28,0.69,4.2,2.28,2.51,0.76,0.71,0.35,0.1,0.1,2.75,0.9,0.7,0.75,0.33,0.02,0.28,0.8,0.24,0.27,0.38,0.35,0.1,0.07,0.05,0.12,0.06,0.08,0.05,0.12,0.02,0.15,0.25,0,0,0.07,0.04,0.05,0.03,0.02,0,0.01,0.01,0.02,0.01,0.01,0.06,0.03,0.01,0.01,0.01,0,0.02,0,0.02,0,0,0.01,0,0.01,0.02,0.01,0.01,0.02,0.3
2020-05,30.18,26.72,1.8,8.36,10.39,0.73,4.7,2.19,2.46,0.78,0.77,0.36,0.1,0.11,3.12,1.04,0.76,0.7,0.28,0.02,0.31,0.81,0.25,0.29,0.44,0.39,0.11,0.08,0.05,0.14,0.06,0.08,0.05,0.11,0.02,0.13,0.28,0,0,0.07,0.05,0.05,0.03,0.02,0.01,0.01,0.01,0.02,0.02,0.01,0.06,0.03,0.01,0.01,0.01,0,0.02,0,0.03,0,0,0.01,0,0.01,0.03,0.01,0.01,0.01,0.31
2020-06,31.06,25.26,1.81,8.55,10.69,0.74,4.65,2.11,2.57,0.78,0.75,0.35,0.1,0.1,3.18,1.04,0.75,0.68,0.34,0.02,0.29,0.77,0.23,0.25,0.5,0.42,0.11,0.08,0.05,0.15,0.09,0.08,0.04,0.13,0.02,0.16,0.25,0,0,0.07,0.05,0.05,0.03,0.02,0.01,0.01,0.01,0.02,0.02,0.01,0.06,0.03,0.01,0.01,0.01,0,0.02,0,0.02,0,0,0.01,0,0.01,0.03,0.01,0.01,0.01,0.3
2020-07,30.95,24.82,1.8,8.94,10.75,0.76,4.69,2.03,2.45,0.75,0.74,0.33,0.11,0.1,3.46,1.13,0.72,0.65,0.37,0.02,0.29,0.76,0.21,0.24,0.53,0.42,0.11,0.08,0.06,0.16,0.09,0.08,0.04,0.14,0.02,0.17,0.26,0,0,0.07,0.04,0.04,0.03,0.02,0,0.01,0.01,0.02,0.01,0.01,0.06,0.03,0.01,0.01,0.01,0,0.02,0,0.02,0,0,0.01,0,0.01,0.02,0.01,0.01,0.01,0.29
2020-08,31.04,25.15,1.81,8.9,10.73,0.74,4.69,1.96,2.39,0.73,0.72,0.32,0.1,0.1,3.38,1.18,0.7,0.63,0.38,0.02,0.27,0.75,0.2,0.23,0.54,0.45,0.1,0.07,0.05,0.16,0.08,0.07,0.04,0.15,0.02,0.17,0.25,0,0,0.06,0.04,0.04,0.02,0.02,0,0,0.01,0.02,0.01,0.01,0.06,0.03,0.01,0.01,0.01,0,0.02,0,0.02,0,0,0,0,0.01,0.02,0.01,0.01,0.01,0.27
2020-09,30.57,24.98,1.67,9.49,10.58,0.74,4.94,1.88,2.27,0.69,0.67,0.29,0.09,0.1,3.5,1.45,0.67,0.63,0.33,0.01,0.26,0.81,0.19,0.21,0.6,0.55,0.1,0.07,0.05,0.18,0.05,0.07,0.03,0.14,0.02,0.16,0.23,0,0,0.06,0.04,0.05,0.02,0.02,0,0,0.01,0.02,0.01,0.01,0.06,0.02,0.01,0.01,0.01,0,0.02,0,0.02,0,0,0,0,0,0.02,0.01,0.01,0.01,0.26
2020-10,30.25,26.53,1.84,9.67,10.44,0.69,4.83,1.79,2.21,0.67,0.65,0.28,0.08,0.1,2.54,1.55,0.64,0.63,0.31,0.02,0.24,0.85,0.18,0.2,0.59,0.55,0.09,0.06,0.05,0.17,0.04,0.06,0.03,0.13,0.01,0.15,0.19,0,0,0.05,0.04,0.05,0.02,0.02,0,0,0.01,0.02,0.01,0.01,0.06,0.01,0.01,0.01,0.01,0,0.02,0,0.02,0,0,0,0,0,0.02,0.01,0.01,0.01,0.24
2020-11,30.36,28.19,2.78,9.6,10.43,0.69,4.8,1.81,2.2,0.67,0.62,0.27,0.08,0.13,0,1.65,0.62,0.7,0.26,0.02,0.2,0.83,0.18,0.2,0.62,0.59,0.08,0.06,0.04,0.18,0.04,0.06,0.03,0.11,0.01,0.12,0.15,0,0,0.05,0.04,0.05,0.02,0.02,0,0,0.01,0.02,0.01,0.01,0.04,0,0.01,0.01,0.01,0,0.02,0,0.02,0,0,0,0,0,0.02,0.01,0.01,0.01,0.24
2020-12,29.14,26.91,1.69,10.02,9.83,0.66,5.02,1.71,2.09,0.61,0.62,0.24,0.08,3.7,0.01,2.07,0.58,0.66,0.2,0.01,0.2,0.84,0.16,0.17,0.73,0.63,0.1,0.06,0.04,0.21,0.03,0.06,0.03,0.08,0.01,0.09,0.07,0,0,0.04,0.03,0.05,0.02,0.02,0,0,0,0.02,0.01,0.01,0.04,0,0.01,0.01,0.01,0,0.05,0,0.02,0,0,0,0,0,0.02,0.01,0.01,0.02,0.22
2021-01,28.97,27.47,1.61,10.04,9.72,0.63,5.03,1.69,2.13,0.6,0.6,0.23,0.08,3.74,0.01,2.11,0.57,0.66,0.19,0.01,0.19,0.83,0.16,0.16,0.67,0.58,0.1,0.05,0.03,0.19,0.02,0.05,0.03,0.08,0.01,0.08,0.04,0,0,0.04,0.03,0.04,0.02,0.01,0,0,0,0.02,0.01,0.01,0.04,0,0.01,0.01,0,0,0.06,0,0.02,0,0,0,0,0,0.03,0.01,0.01,0.02,0.21
2021-02,28.52,27.33,1.82,10.27,9.62,0.64,5.07,1.67,2.17,0.59,0.61,0.22,0.08,3.84,0.01,2.23,0.56,0.66,0.16,0.01,0.2,0.83,0.16,0.16,0.7,0.6,0.1,0.06,0.03,0.19,0.02,0.05,0.03,0.07,0.01,0.07,0.04,0,0,0.04,0.03,0.04,0.02,0.02,0,0,0,0.02,0.01,0.01,0.04,0,0,0.01,0,0,0.07,0,0.02,0,0,0,0,0,0.03,0.01,0.01,0.02,0.2
2021-03,28.35,27.41,1.94,10.31,9.27,0.64,5.29,1.63,2.16,0.59,0.59,0.23,0.08,3.95,0.01,2.32,0.57,0.66,0.13,0.01,0.19,0.83,0.15,0.15,0.7,0.61,0.11,0.05,0.03,0.19,0.01,0.05,0.03,0.05,0.01,0.06,0.03,0,0,0.04,0.02,0.04,0.02,0.01,0,0,0,0.02,0.01,0.01,0.04,0,0,0.01,0,0,0.08,0,0.02,0,0,0,0,0,0.03,0.01,0.01,0.03,0.19
2021-04,28.15,27,2.45,10.43,9.19,0.64,5.31,1.6,2.19,0.55,0.62,0.21,0.08,3.99,0.01,2.34,0.55,0.68,0.12,0.02,0.19,0.85,0.14,0.14,0.73,0.61,0.11,0.05,0.03,0.2,0.01,0.04,0.03,0.05,0.01,0.05,0.03,0,0,0.04,0.02,0.03,0.02,0.01,0,0,0,0.02,0.01,0.01,0.04,0,0,0.01,0,0,0.09,0,0.02,0,0,0,0,0,0.03,0.01,0.01,0.03,0.19
2021-05,27.84,26.46,3.2,10.63,8.84,0.64,5.39,1.58,2.18,0.53,0.6,0.2,0.07,4.12,0.01,2.41,0.53,0.67,0.14,0.01,0.19,0.87,0.14,0.13,0.77,0.62,0.11,0.05,0.03,0.21,0.01,0.04,0.03,0.06,0.01,0.06,0.03,0,0,0.04,0.02,0.03,0.02,0.01,0,0,0,0.02,0.01,0.01,0.04,0,0,0.01,0,0,0.1,0,0.01,0,0,0,0,0,0.02,0.01,0,0.03,0.19
2021-06,27.48,26.35,3.12,10.8,8.66,0.64,5.67,1.55,2.23,0.5,0.57,0.2,0.07,4.32,0.01,2.62,0.52,0.66,0.13,0.01,0.19,0.89,0.14,0.13,0.74,0.63,0.11,0.05,0.03,0.2,0.01,0.04,0.03,0.05,0.01,0.06,0.02,0,0,0.04,0.01,0.03,0.02,0.01,0,0,0,0.02,0.01,0.01,0.04,0,0,0.01,0,0,0.11,0,0.01,0,0,0,0,0,0.02,0.01,0,0.03,0.18
2021-07,27.33,26.92,3.21,10.94,8.19,0.63,5.54,1.55,2.27,0.48,0.56,0.19,0.07,4.34,0.01,2.66,0.5,0.67,0.12,0.01,0.18,0.88,0.13,0.12,0.74,0.6,0.1,0.05,0.02,0.2,0.01,0.03,0.03,0.05,0.01,0.05,0.02,0,0,0.03,0.01,0.03,0.02,0.01,0,0,0,0.02,0.01,0,0.04,0,0,0,0,0,0.11,0,0.01,0,0,0,0,0,0.02,0.01,0,0.04,0.18
2021-08,27.92,26.42,2.27,11.38,7.91,0.6,5.61,1.52,2.25,0.46,0.54,0.17,0.05,4.58,0.01,2.83,0.47,0.68,0.11,0.01,0.16,0.96,0.13,0.11,0.86,0.82,0.09,0.05,0.03,0.26,0.01,0.03,0.02,0.05,0.01,0.05,0.02,0,0,0.03,0.01,0.03,0.01,0.01,0,0,0,0.02,0,0,0.04,0,0,0,0,0,0.11,0,0.01,0,0,0,0,0,0.02,0.01,0,0.04,0.19
2021-09,27.55,26.75,2.26,11.51,7.88,0.58,5.65,1.45,2.26,0.44,0.53,0.16,0.05,4.57,0.01,2.85,0.44,0.67,0.1,0.01,0.15,0.96,0.13,0.11,0.9,0.88,0.08,0.04,0.02,0.27,0.01,0.03,0.02,0.04,0.01,0.05,0.02,0,0,0.03,0.01,0.02,0.01,0.01,0,0,0,0.02,0,0,0.04,0,0,0,0,0,0.11,0,0.01,0,0,0,0,0,0.02,0.01,0,0.03,0.17
2021-10,27.06,28.21,2.28,11.4,7.64,0.55,5.37,1.41,2.28,0.43,0.49,0.15,0.04,4.29,0.01,3.05,0.41,0.68,0.1,0.01,0.14,0.95,0.13,0.1,0.85,0.85,0.07,0.04,0.02,0.25,0.01,0.03,0.02,0.04,0.01,0.04,0.02,0,0,0.03,0.02,0.02,0.11,0.01,0,0,0,0.02,0,0,0.03,0,0,0,0,0,0.1,0,0.02,0,0,0,0,0,0.02,0,0,0.03,0.15
2021-11,27.18,28.54,2.62,11.37,7.52,0.55,5.3,1.37,2.33,0.42,0.47,0.14,0.04,4.2,0.01,2.73,0.39,0.65,0.09,0.01,0.13,0.95,0.13,0.1,0.87,0.88,0.07,0.04,0.02,0.25,0.01,0.03,0.02,0.04,0,0.04,0.02,0,0,0.03,0.01,0.02,0.04,0.01,0,0,0,0.02,0,0,0.03,0,0,0,0,0,0.1,0,0.02,0,0,0,0,0,0.02,0,0,0.03,0.15
2021-12,26.93,29.24,2.72,11.52,7.19,0.54,5.31,1.27,2.25,0.41,0.45,0.14,0.04,4.13,0.01,2.75,0.39,0.73,0.1,0.01,0.12,0.96,0.12,0.09,0.81,0.83,0.07,0.03,0.02,0.24,0.01,0.02,0.02,0.04,0,0.04,0.02,0,0,0.03,0.01,0.02,0.02,0.01,0,0,0,0.02,0,0,0.03,0,0,0,0,0,0.1,0,0.01,0,0,0,0,0,0.02,0,0,0.03,0.14
2022-01,27.18,29.49,2.19,11.54,6.64,0.52,5.29,1.21,2.42,0.44,0.46,0.13,0.03,4.26,0,2.92,0.36,0.78,0.11,0.01,0.11,1.07,0.12,0.1,0.85,0.83,0.06,0.03,0.02,0.23,0.01,0.02,0.02,0.04,0,0.04,0.01,0,0,0.02,0.01,0.01,0.01,0,0,0,0,0.01,0,0,0.04,0,0,0,0,0,0.08,0,0.02,0,0,0,0,0,0.02,0,0,0.04,0.17
2022-02,27.68,28.29,2.17,11.61,6.41,0.54,5.36,1.38,2.91,0.43,0.45,0.12,0.03,4.19,0,3,0.35,0.76,0.1,0.01,0.11,1.04,0.12,0.1,0.94,0.91,0.06,0.03,0.02,0.26,0.01,0.02,0.02,0.03,0,0.03,0.01,0,0,0.02,0.01,0.01,0.01,0,0,0,0,0.02,0,0,0.05,0,0,0,0,0,0.09,0,0.02,0,0,0,0,0,0.02,0,0,0.04,0.18
2022-03,28.22,27.57,2.25,12.24,6.53,0.54,5.25,1.26,2.66,0.45,0.43,0.12,0.03,4.12,0,2.99,0.35,0.75,0.14,0.01,0.1,1.04,0.11,0.1,0.93,0.85,0.05,0.03,0.02,0.25,0.01,0.02,0.01,0.05,0,0.04,0.01,0,0,0.02,0.01,0.01,0.01,0,0,0,0,0.02,0,0,0.05,0,0,0,0,0,0.08,0,0.01,0,0,0,0,0,0.02,0,0,0.04,0.19
2022-04,27.94,27.68,2.55,12.18,6.18,0.54,5.37,1.18,2.62,0.46,0.42,0.12,0.02,4.25,0,3.09,0.35,0.81,0.1,0.01,0.1,1.05,0.11,0.09,0.94,0.86,0.05,0.03,0.02,0.26,0.01,0.02,0.01,0.03,0,0.03,0.02,0,0,0.02,0.01,0.01,0.01,0,0,0,0,0.02,0,0,0.05,0,0,0,0,0,0.08,0,0.01,0,0,0,0,0,0.02,0,0,0.05,0.18
2022-05,28.25,27.83,2.25,12.64,6.25,0.51,5.37,1.09,2.42,0.43,0.38,0.12,0.02,4.08,0,3.04,0.32,0.77,0.19,0,0.08,1.04,0.11,0.09,0.9,0.84,0.04,0.03,0.02,0.23,0.01,0.02,0.01,0.06,0,0.06,0.01,0,0,0.02,0.01,0.01,0.01,0,0,0,0,0.01,0,0,0.05,0,0,0,0,0,0.08,0,0.01,0,0,0,0,0,0.02,0,0,0.04,0.18
2022-06,28.24,27.22,2.12,13.05,6.09,0.5,5.76,1.03,2.35,0.4,0.37,0.1,0.02,4.3,0,3.26,0.29,0.73,0.2,0,0.08,1.04,0.1,0.08,0.85,0.87,0.04,0.02,0.02,0.22,0.01,0.01,0.01,0.07,0,0.06,0.01,0,0,0.02,0.01,0.01,0.01,0,0,0,0,0.01,0,0,0.05,0,0,0,0,0,0.08,0,0.01,0,0,0,0,0,0.02,0,0,0.05,0.17
2022-07,28.17,27.5,2.62,12.86,6.34,0.49,5.39,1.01,2.41,0.35,0.35,0.08,0.02,4.28,0,3.1,0.26,0.75,0.2,0,0.1,1.02,0.1,0.08,0.82,0.77,0.04,0.02,0.02,0.2,0.01,0.01,0.01,0.07,0,0.06,0.01,0,0,0.02,0.01,0.01,0.01,0,0,0,0,0.01,0,0,0.06,0,0,0,0,0,0.07,0,0.01,0,0,0,0,0,0.02,0,0,0.05,0.18
2022-08,28.76,27.83,2.54,12.8,6.03,0.49,5.14,1,2.48,0.35,0.35,0.09,0.01,3.95,0,2.94,0.24,0.74,0.21,0,0.07,1.02,0.11,0.09,0.96,0.86,0.03,0.02,0.02,0.22,0.01,0.01,0.01,0.07,0,0.06,0.01,0,0,0.02,0.01,0,0.01,0,0,0,0,0.01,0,0,0.06,0,0,0,0,0,0.08,0,0.01,0,0,0,0,0,0.02,0,0,0.05,0.18
2022-09,28.41,27.8,2.31,13.02,5.64,0.48,5.32,0.93,2.36,0.32,0.34,0.08,0.02,4.29,0,3.16,0.23,0.73,0.2,0,0.07,1.07,0.11,0.09,1.02,0.92,0.03,0.02,0.02,0.25,0.01,0.01,0.01,0.08,0,0.06,0.02,0,0,0.02,0.01,0,0.01,0,0,0,0,0.01,0,0,0.08,0,0,0.01,0,0,0.08,0,0,0,0,0,0,0,0.02,0,0,0.06,0.27
2022-10,28.21,28.41,2.19,12.73,5.27,0.45,5.53,0.85,2.33,0.31,0.31,0.07,0.02,4.31,0,3.16,0.21,0.77,0.18,0,0.06,1.11,0.11,0.09,1.09,0.96,0.03,0.02,0.01,0.26,0.01,0.01,0.01,0.09,0,0.05,0.02,0,0,0.02,0.01,0,0.01,0,0,0,0,0.02,0,0,0.09,0,0,0.01,0,0,0.07,0,0.01,0,0,0,0,0,0.02,0,0,0.07,0.37
2022-11,28.33,27.48,2.16,12.97,4.98,0.45,6.28,0.78,2.3,0.29,0.3,0.06,0.02,4.59,0,3.37,0.19,0.72,0.17,0,0.06,1.12,0.1,0.08,1.02,0.98,0.03,0.02,0.01,0.25,0.01,0.01,0.01,0.08,0,0.05,0.02,0,0,0.02,0.01,0.01,0.02,0,0,0,0,0.02,0,0,0.09,0,0,0.01,0,0,0.07,0,0.01,0,0,0,0,0,0.02,0,0,0.06,0.38
2022-12,27.38,26.98,3.28,12.35,5.25,0.43,6.4,0.71,2.25,0.27,0.29,0.05,0.02,5.07,0,3.68,0.19,0.75,0.1,0,0.08,1.21,0.1,0.07,0.98,1,0.03,0.02,0.01,0.24,0,0.01,0.01,0.05,0,0.03,0.02,0,0,0.02,0.01,0.01,0.01,0,0,0,0,0.01,0,0,0.12,0,0,0.01,0,0,0.08,0,0.01,0,0,0,0,0,0.02,0,0,0.05,0.32
2023-01,27.09,27.6,2.74,12.52,4.62,0.45,6.41,0.68,2.3,0.27,0.3,0.05,0.02,5.26,0,3.96,0.19,0.74,0.08,0,0.07,1.26,0.11,0.07,1.07,1.06,0.03,0.02,0.01,0.26,0,0.01,0.01,0.04,0,0.02,0.02,0,0,0.02,0.01,0.01,0.01,0,0,0,0,0.01,0,0,0.12,0,0,0.01,0,0,0.08,0,0,0,0,0,0,0,0.02,0,0,0.05,0.3
2023-02,26.75,27.1,3.14,12.29,4.84,0.45,6.86,0.64,2.28,0.24,0.29,0.05,0.02,5.3,0,4.03,0.17,0.76,0.06,0,0.08,1.22,0.1,0.07,1.06,1.15,0.02,0.01,0.01,0.26,0,0.01,0.01,0.03,0,0.02,0.02,0,0,0.02,0.01,0,0.01,0,0,0,0,0.01,0,0,0.12,0,0,0.01,0,0,0.08,0,0.01,0,0,0,0,0,0.01,0,0,0.04,0.29
2023-03,27.1,28.42,3,12.16,4.32,0.46,6.39,0.7,2.5,0.25,0.29,0.06,0.02,5.17,0,3.79,0.18,0.74,0.05,0,0.07,1.23,0.1,0.07,1.01,0.95,0.02,0.01,0.01,0.25,0,0.01,0.01,0.03,0,0.01,0.02,0,0,0.01,0.01,0,0.01,0,0,0,0,0.01,0,0,0.12,0,0,0.01,0,0,0.07,0,0,0,0,0,0,0,0.01,0,0,0.04,0.28
2023-04,26.05,30.61,3.2,11.68,4.11,0.45,6.35,0.62,2.21,0.24,0.29,0.06,0.02,5.09,0,3.68,0.18,0.73,0.05,0,0.07,1.18,0.1,0.06,1.03,0.97,0.02,0.01,0.01,0.26,0,0.01,0.01,0.02,0,0.01,0.02,0,0,0.02,0.01,0,0.01,0,0,0,0,0.01,0,0,0.12,0,0,0.01,0,0,0.07,0,0,0,0,0,0,0,0.01,0,0,0.04,0.27
2023-05,25.27,31.44,4.39,11.13,4.01,0.44,6.52,0.54,2.05,0.24,0.28,0.05,0.01,4.88,0,3.51,0.16,0.76,0.03,0,0.06,1.06,0.1,0.06,1.01,1.02,0.02,0.01,0.01,0.26,0,0.01,0.01,0.02,0,0.01,0.02,0,0,0.02,0,0,0.01,0,0,0,0,0.01,0,0,0.14,0,0,0.01,0,0,0.07,0,0,0,0,0,0,0,0.01,0,0,0.04,0.26
2023-06,24.59,28.44,6.74,11.05,4.07,0.42,6.95,0.49,2.01,0.23,0.26,0.05,0.01,5.39,0,3.78,0.15,0.89,0.03,0,0.07,1.12,0.08,0.05,0.99,1.06,0.02,0.01,0.01,0.26,0,0.01,0.01,0.01,0,0.01,0.02,0,0,0.01,0,0,0,0,0,0,0,0.01,0,0,0.2,0,0,0.02,0,0,0.06,0,0,0,0,0,0,0,0.01,0,0,0.06,0.3
2023-07,24.22,28.39,7.35,11.21,4,0.39,6.06,0.48,2.11,0.24,0.26,0.05,0.02,5.53,0,3.87,0.15,0.95,0.03,0,0.08,1.27,0.08,0.05,1.08,1.06,0.03,0.02,0.01,0.28,0,0.01,0.01,0.01,0,0.01,0.02,0,0,0.01,0,0,0.01,0,0,0,0,0.01,0,0,0.22,0,0,0.02,0,0,0.07,0,0,0,0,0,0,0,0.01,0,0,0.06,0.26
2023-08,24.16,28.53,7.74,11.09,4,0.4,5.85,0.47,2.12,0.24,0.26,0.05,0.01,5.37,0,3.77,0.14,0.95,0.03,0,0.07,1.29,0.08,0.04,1.17,1.1,0.02,0.01,0.01,0.3,0,0.01,0.01,0.01,0,0.01,0.02,0,0,0.01,0,0,0,0,0,0,0,0.01,0,0,0.22,0,0,0.02,0,0,0.07,0,0,0,0,0,0,0,0.01,0,0,0.06,0.25
2023-09,24.23,29.58,8.12,10.84,3.81,0.39,5.53,0.45,2.1,0.25,0.25,0.06,0.01,5.02,0,3.52,0.17,0.95,0.02,0,0.06,1.22,0.08,0.05,1.19,1.06,0.02,0.01,0.01,0.3,0,0.01,0.01,0.01,0,0.01,0.02,0,0,0.01,0,0,0,0,0,0,0,0.01,0,0,0.23,0,0,0.02,0,0,0.06,0,0,0,0,0,0,0,0.01,0,0,0.06,0.23
2023-10,24.69,29.65,7.11,10.99,3.6,0.38,5.52,0.44,2.17,0.26,0.25,0.06,0.01,4.93,0,3.48,0.18,1.14,0.02,0,0.06,1.22,0.08,0.05,1.33,1.2,0.02,0.01,0.01,0.37,0,0.01,0,0.01,0,0.01,0.02,0,0,0.01,0,0,0,0,0,0,0,0.01,0,0,0.27,0,0,0.02,0,0,0.06,0,0,0,0,0,0,0,0.01,0,0,0.05,0.25
2023-11,24.61,29.12,6.81,11.52,3.52,0.38,5.59,0.42,2.16,0.26,0.26,0.05,0.01,4.97,0,3.58,0.19,0.98,0.02,0,0.06,1.21,0.09,0.06,1.47,1.34,0.02,0.01,0.01,0.44,0,0.01,0,0.01,0,0.01,0.02,0,0,0.01,0,0,0,0,0,0,0,0.01,0,0,0.35,0,0,0.01,0,0,0.06,0,0,0,0,0,0,0,0.01,0,0,0.05,0.27
2023-12,24.15,28.8,6.78,11.99,3.49,0.38,5.63,0.38,2.15,0.26,0.25,0.05,0.01,5.13,0,3.74,0.17,0.95,0.02,0,0.06,1.28,0.09,0.05,1.51,1.34,0.02,0.01,0.01,0.46,0,0.01,0,0.01,0,0.01,0.02,0,0,0.01,0,0,0,0,0,0,0,0.01,0,0,0.37,0,0,0.01,0,0,0.06,0,0,0,0,0,0,0,0.01,0,0,0.04,0.27
