"Date","Samsung","Apple","Unknown","Xiaomi","Nokia","Oppo","Huawei","Vivo","Micromax","Lenovo","LG","Realme","Sony","Mobicel","HTC","Asus","Motorola","General Mobile","BBK","OnePlus","Infinix","Lava","RIM","Google","Tecno","Gionee","Turkcell","ZTE","Casper","Lyf","Vestel","Coolpad","Spice","AIS","Hisense","Itel","Alcatel","QMobile","Meizu","Panasonic","Wiko","True","LeEco","Vodafone","Reliance Digital","Honor","InFocus","Intex","Smartfren","Xolo","Acer","i-Mobile","Avea","dtac","Karbonn","Yu","Infinex","Symphony","Sharp","Pantech","Turk Telecom","Reeder","HP","Vsmart","Opp","Other"
2014-01,31.37,10.06,18.9,0.12,26.56,0.01,0.69,0,3.13,0.62,1.96,0,2.08,0,1.63,0,0.09,0.03,0.01,0,0,0,0.85,0.2,0,0,0.18,0.23,0,0,0,0.04,0.56,0,0.05,0,0.26,0,0.01,0,0,0,0,0.07,0,0,0,0,0,0,0.03,0,0,0,0,0,0,0,0.01,0.19,0,0,0.01,0,0,0.06
2014-02,33.74,10.33,15.8,0.13,25.12,0.03,0.74,0,3.18,0.67,1.92,0,2.67,0,1.67,0,0.1,1,0.01,0,0,0,0.88,0.24,0,0,0.21,0.25,0,0,0,0.05,0.54,0,0.05,0,0.26,0,0.02,0,0,0,0,0.1,0,0,0,0,0,0,0.04,0,0.03,0,0,0,0,0,0.01,0.16,0,0,0.01,0,0,0.06
2014-03,33.83,10.33,15.5,0.11,24.44,0.09,0.78,0,3.6,0.76,1.75,0,2.97,0,1.63,0,0.13,0.94,0.01,0,0,0,1.17,0.24,0,0,0.19,0.23,0,0,0,0.04,0.56,0,0.07,0,0.27,0,0.01,0,0,0,0,0.08,0,0,0,0,0,0,0.04,0,0.03,0,0,0,0,0,0.01,0.12,0,0,0.01,0,0,0.06
2014-04,35.19,10.88,14.63,0.14,22.68,0.1,0.86,0,3.52,0.85,1.74,0,3.14,0,1.75,0,0.16,1.22,0.01,0,0,0,1.03,0.26,0,0,0.23,0.27,0,0,0,0.05,0.56,0,0.07,0,0.27,0,0.01,0,0,0,0,0.1,0,0,0,0,0,0,0.05,0,0.03,0,0,0,0,0,0.01,0.1,0,0,0.01,0,0,0.07
2014-05,34.78,10.7,15.32,0.15,22.4,0.1,0.92,0,3.73,0.92,1.81,0,3.1,0,1.7,0,0.18,1.13,0.01,0,0,0,0.92,0.27,0,0,0.19,0.26,0,0,0,0.06,0.57,0,0.08,0,0.28,0,0.01,0,0,0,0,0.09,0,0,0,0,0,0,0.06,0,0.04,0,0,0,0,0,0.01,0.1,0,0,0.01,0,0,0.09
2014-06,35.03,11.09,15.49,0.16,20.6,0.12,1.08,0,3.95,1.02,1.83,0,3.23,0,1.8,0,0.21,1.18,0.01,0,0,0,1.04,0.29,0,0,0.18,0.27,0,0,0,0.07,0.56,0,0.1,0,0.28,0,0.01,0,0,0,0,0.08,0,0,0,0,0,0,0.07,0,0.05,0,0,0,0,0,0.01,0.09,0,0,0.01,0,0,0.09
2014-07,34.05,10.75,15.93,0.29,20.44,0.15,1.09,0,4.3,1.04,1.87,0,3.25,0,1.79,0.06,0.35,1.05,0.02,0,0,0.11,1.31,0.3,0,0,0.15,0.26,0,0,0,0.09,0.6,0,0.1,0,0.28,0,0.02,0,0,0,0,0.07,0,0,0,0,0,0,0.07,0,0.05,0,0,0,0,0,0.02,0.09,0,0,0.02,0,0,0.09
2014-08,34.8,10.76,15.52,0.38,19.01,0.23,1.11,0,4.33,1.07,1.94,0,3.31,0,1.92,0.22,0.46,1.22,0.02,0,0,0.12,1.22,0.29,0,0,0.23,0.3,0,0,0,0.1,0.61,0,0.14,0,0.28,0,0.02,0,0,0,0,0.08,0,0,0,0,0,0,0.06,0,0.05,0,0,0,0,0,0.02,0.08,0,0,0.02,0,0,0.09
2014-09,35.23,10.71,14.33,0.45,18.77,0.3,1.13,0,4.51,1.12,2.06,0,3.33,0,1.96,0.3,0.54,1.34,0.03,0.01,0,0.13,1.28,0.29,0,0,0.31,0.32,0,0,0,0.1,0.63,0,0.15,0,0.27,0,0.03,0,0,0,0,0.09,0,0,0,0,0,0,0.06,0,0.06,0,0,0,0,0,0.01,0.07,0,0,0.02,0,0,0.08
2014-10,35.33,11.16,14.11,0.62,17.5,0.32,1.21,0,4.5,1.15,2.17,0,3.28,0,2.01,0.35,0.65,1.62,0.04,0.01,0,0.15,1.17,0.28,0,0,0.43,0.37,0.02,0,0,0.1,0.59,0,0.14,0,0.26,0,0.04,0,0,0,0,0.12,0,0,0,0,0,0,0.05,0,0.07,0,0,0,0,0,0.01,0.06,0,0,0.02,0,0,0.08
2014-11,35.14,10.28,14.78,0.75,16.72,0.39,1.27,0,4.69,1.19,2.29,0,3.28,0,2.1,0.46,0.74,1.71,0.05,0.01,0,0.14,1.22,0.28,0,0,0.43,0.38,0.07,0,0,0.12,0.61,0,0.17,0,0.25,0,0.04,0,0,0,0,0.13,0,0,0,0,0,0,0.06,0,0.07,0,0,0,0,0,0.01,0.05,0,0,0.03,0,0,0.08
2014-12,33.83,9.95,14.92,0.9,17.95,0.48,1.34,0,4.73,1.32,2.07,0,3.31,0,2.04,0.62,0.8,1.43,0.08,0.02,0,0.22,1.29,0.28,0,0,0.34,0.36,0.08,0,0,0.12,0.61,0,0.21,0,0.25,0,0.05,0,0,0,0,0.11,0,0,0.02,0,0,0,0.06,0,0.05,0,0,0,0,0,0.01,0.04,0,0,0.03,0,0,0.09
2015-01,34.09,10.85,14.14,0.98,16.72,0.53,1.44,0,4.49,1.39,2.19,0,3.41,0,2.11,0.79,0.82,1.71,0.09,0.03,0,0.25,1.11,0.3,0,0.01,0.39,0.39,0.12,0,0.01,0.13,0.53,0,0.21,0,0.25,0,0.06,0,0,0,0,0.11,0,0,0.05,0,0,0,0.06,0,0.06,0,0,0,0,0,0.01,0.06,0,0,0.03,0,0,0.09
2015-02,34.1,11.68,13.87,1.13,14.91,0.6,1.55,0,4.32,1.47,2.35,0,3.49,0,2.29,0.96,0.78,2.03,0.1,0.04,0,0.24,1.01,0.29,0,0.01,0.46,0.45,0.16,0,0.03,0.15,0.47,0.04,0.21,0,0.25,0,0.07,0,0.01,0,0,0.13,0,0,0.05,0,0,0,0.06,0,0.07,0,0,0,0,0,0.01,0.05,0,0,0.03,0,0,0.08
2015-03,34.13,11.46,14.4,1.16,13.75,0.66,1.58,0,4.65,1.57,2.3,0,3.47,0,2.27,1.07,0.85,2.09,0.12,0.05,0,0.24,0.97,0.31,0,0.01,0.45,0.44,0.18,0,0.06,0.15,0.46,0.09,0.22,0,0.24,0,0.08,0,0.01,0,0,0.12,0,0,0.04,0,0,0,0.06,0,0.09,0,0,0,0,0,0.01,0.04,0,0,0.04,0,0,0.09
2015-04,33.85,11.58,14.88,1.1,13.26,0.72,1.64,0,4.49,1.62,2.32,0,3.4,0,2.29,1.13,0.86,2.14,0.12,0.06,0,0.24,1.04,0.37,0,0.01,0.45,0.44,0.2,0,0.07,0.15,0.42,0.13,0.23,0,0.23,0,0.09,0,0.01,0,0,0.12,0,0,0.04,0,0,0,0.06,0,0.09,0,0,0,0,0,0.01,0.04,0,0,0.04,0,0,0.08
2015-05,33.46,11.58,15.38,1.18,12.96,0.78,1.69,0,4.49,1.7,2.36,0,3.25,0,2.23,1.15,0.88,2.1,0.16,0.06,0,0.23,0.97,0.41,0,0.01,0.44,0.44,0.2,0,0.1,0.18,0.4,0.16,0.23,0,0.22,0,0.1,0,0.01,0,0,0.11,0,0,0.05,0,0,0,0.07,0,0.09,0,0,0,0,0,0.01,0.03,0,0,0.04,0,0,0.08
2015-06,32.75,11.45,16.3,1.17,12.64,0.77,1.72,0,4.69,1.83,2.39,0,3.18,0,2.18,1.14,0.89,1.99,0.16,0.06,0,0.21,1.11,0.42,0,0.01,0.42,0.44,0.21,0,0.11,0.18,0.39,0.15,0.25,0,0.22,0,0.11,0,0.01,0,0,0.1,0,0,0.05,0,0,0,0.07,0,0.09,0,0,0,0,0,0.01,0.03,0,0,0.04,0,0,0.08
2015-07,32.84,11.97,15.97,1.21,11.7,0.75,1.77,0,4.33,1.95,2.72,0,3.08,0,2.21,1.14,0.84,2.33,0.2,0.06,0,0.17,0.96,0.77,0,0.01,0.48,0.45,0.26,0,0.14,0.21,0.35,0.12,0.24,0,0.21,0,0.11,0,0.02,0,0,0.1,0,0,0.04,0,0,0,0.06,0,0.1,0,0,0,0,0,0.01,0.03,0,0,0.04,0,0,0.07
2015-08,32.96,11.51,16.19,1.39,10.76,0.89,1.87,0,4.26,2.11,2.76,0,3,0,2.17,1.23,0.85,2.38,0.29,0.06,0,0.16,1.22,0.77,0,0.02,0.48,0.45,0.26,0,0.14,0.24,0.32,0.15,0.29,0,0.2,0,0.16,0,0.02,0,0,0.1,0,0,0.04,0,0,0,0.06,0,0.11,0,0,0,0,0,0.01,0.03,0,0,0.03,0,0,0.08
2015-09,33.67,11.18,16.07,1.24,10.31,0.89,1.8,0,4.31,2.24,2.82,0,3,0,2.19,1.34,0.9,2.44,0.26,0.06,0,0.15,1.13,0.84,0,0.03,0.46,0.42,0.27,0,0.15,0.18,0.31,0.21,0.32,0,0.19,0,0.14,0,0.02,0,0,0.1,0,0,0.04,0,0,0,0.06,0,0.11,0,0,0,0,0,0.01,0.03,0,0,0.03,0,0,0.07
2015-10,33.74,10.96,16.26,1.16,10.27,0.81,1.8,0,4.24,2.27,3.01,0,2.95,0,2.25,1.34,0.91,2.69,0.24,0.06,0,0.14,0.85,0.91,0,0.05,0.48,0.43,0.29,0,0.16,0.16,0.3,0.22,0.29,0,0.18,0,0.13,0,0.02,0,0,0.11,0,0,0.04,0,0,0,0.06,0,0.11,0,0,0,0,0,0.01,0.02,0,0,0.03,0,0,0.07
2015-11,32.6,11.46,16.98,1.13,10.4,0.77,1.8,0,4.24,2.41,3.07,0,2.9,0,2.25,1.34,0.96,2.5,0.23,0.06,0,0.12,0.81,1,0,0.06,0.45,0.39,0.28,0,0.15,0.15,0.3,0.19,0.25,0,0.17,0,0.13,0,0.02,0,0,0.09,0,0,0.04,0,0,0,0.05,0,0.1,0,0,0,0,0,0.01,0.02,0,0,0.03,0,0,0.07
2015-12,31.5,10.91,18.9,1.2,10.31,0.82,1.88,0,4.5,2.7,2.84,0,2.81,0,2.21,1.36,1.03,2.13,0.25,0.07,0,0.12,0.9,0.76,0,0.08,0.37,0.36,0.23,0,0.13,0.15,0.29,0.17,0.3,0,0.16,0,0.13,0,0.02,0,0,0.08,0,0,0.03,0,0,0,0.06,0,0.09,0,0,0,0,0,0,0.02,0,0,0.03,0,0,0.07
2016-01,30.92,11.01,19.91,1.24,9.86,0.81,2,0,4.5,2.82,2.94,0,2.75,0,2.21,1.35,1.08,2.05,0.26,0.07,0,0.12,0.85,0.58,0,0.08,0.35,0.34,0.23,0,0.13,0.15,0.28,0.15,0.28,0,0.15,0,0.13,0,0.02,0,0,0.07,0,0,0.03,0,0,0,0.05,0,0.08,0,0,0,0,0,0,0.02,0,0,0.03,0,0,0.07
2016-02,30.83,10.86,20.58,1.34,9.51,0.81,2.09,0,4.55,2.99,2.75,0,2.7,0,2.21,1.41,1.13,1.84,0.28,0.07,0,0.11,0.83,0.45,0,0.1,0.34,0.32,0.21,0,0.13,0.16,0.28,0.15,0.29,0,0.14,0,0.14,0,0.02,0,0,0.09,0,0,0.03,0,0,0,0.05,0,0.07,0,0,0,0,0,0,0.02,0,0,0.03,0,0,0.07
2016-03,33.37,10.99,17.78,1.63,8.56,0.98,2.23,0,4.2,3.02,2.78,0,2.85,0,2.19,1.84,1.1,1.95,0.3,0.11,0,0.1,0.68,0.42,0,0.1,0.44,0.33,0.28,0,0.14,0.16,0.25,0.13,0.26,0,0.14,0,0.15,0,0.03,0,0,0.22,0,0,0.03,0,0,0,0.05,0,0.08,0,0,0,0,0,0,0.02,0.03,0,0.03,0,0,0.07
2016-04,32.92,11.19,18.35,1.75,8.31,0.99,2.39,0,4.06,3.18,2.72,0,2.77,0,2.15,1.87,1.13,1.78,0.33,0.12,0,0.09,0.6,0.43,0,0.12,0.41,0.33,0.25,0,0.13,0.18,0.23,0.11,0.25,0,0.13,0,0.18,0,0.03,0,0,0.21,0,0,0.03,0,0,0,0.05,0,0.07,0,0,0,0,0,0,0.01,0.04,0,0.03,0,0,0.08
2016-05,32.6,11.3,19.28,1.74,8.01,0.93,2.43,0,4.23,3.27,2.57,0,2.67,0,2.09,1.82,1.17,1.55,0.31,0.13,0,0.09,0.6,0.54,0,0.13,0.36,0.29,0.22,0,0.11,0.17,0.23,0.11,0.24,0,0.12,0,0.17,0,0.03,0,0,0.18,0,0,0.03,0,0,0,0.04,0,0.06,0,0,0,0,0,0,0.01,0.04,0,0.03,0,0,0.08
2016-06,33.09,12.66,18.23,1.73,7.17,0.88,2.75,0,3.65,3.08,2.94,0,2.62,0,2.12,1.73,1.14,1.68,0.35,0.14,0,0.07,0.57,0.66,0,0.12,0.4,0.31,0.25,0,0.12,0.18,0.21,0.13,0.17,0,0.12,0,0.2,0,0.04,0,0,0.19,0,0,0.03,0,0,0,0.04,0,0.06,0,0,0,0,0,0,0.01,0.04,0,0.02,0,0,0.09
2016-07,32.86,12.61,19.13,1.78,7.17,0.85,2.91,0,3.51,3.17,2.9,0,2.44,0,2.12,1.64,1.2,1.61,0.4,0.14,0,0.06,0.51,0.32,0,0.13,0.37,0.31,0.23,0,0.12,0.2,0.19,0.11,0.13,0,0.11,0,0.22,0,0.04,0,0,0.18,0,0,0.02,0,0,0,0.04,0,0.06,0,0,0,0,0,0,0.01,0.04,0,0.02,0,0,0.1
2016-08,32.92,13.06,19.63,1.59,6.89,0.74,2.9,0,3.42,3.12,2.96,0,2.31,0,2.1,1.54,1.18,1.64,0.33,0.13,0,0.06,0.43,0.49,0,0.12,0.37,0.3,0.24,0,0.12,0.17,0.18,0.13,0.1,0,0.1,0,0.2,0,0.04,0,0,0.17,0,0,0.02,0,0,0,0.04,0,0.06,0,0,0,0,0,0,0.01,0.05,0,0.02,0,0,0.08
2016-09,33.2,12.62,20.98,1.49,6.31,0.65,2.79,0,3.59,3.35,2.85,0,2.26,0,2.13,1.49,1.24,1.57,0.26,0.13,0,0.06,0.39,0.18,0,0.16,0.36,0.31,0.23,0,0.12,0.14,0.18,0.15,0.08,0,0.09,0,0.17,0,0.05,0,0,0.17,0,0,0.02,0,0,0,0.04,0,0.06,0,0,0,0,0,0,0.01,0.05,0,0.02,0,0,0.07
2016-10,33.39,12.21,19.98,2.12,5.5,1.18,2.62,0,3.44,3.86,2.71,0,2.09,0,2.03,1.56,1.47,1.56,0.5,0.15,0,0.05,0.38,0.19,0,0.23,0.34,0.31,0.26,0.08,0.17,0.19,0.16,0.15,0.07,0,0.09,0,0.15,0,0.06,0,0.12,0.2,0.18,0,0.02,0,0,0,0.04,0,0.05,0.02,0,0,0,0,0.02,0.01,0.05,0,0.02,0,0,0.05
2016-11,34.72,11.86,14.32,2.9,4.83,2.23,2.54,0,3.25,3.86,2.74,0,2.1,0,1.92,1.71,1.32,1.73,1.48,0.16,0.01,0.31,0.4,0.21,0,0.48,0.42,0.34,0.34,0.49,0.26,0.34,0.14,0.4,0.05,0,0.09,0.03,0.14,0.11,0.15,0.13,0.28,0.23,0.38,0,0.04,0,0.03,0,0.05,0.09,0.05,0.06,0,0.09,0,0,0.01,0.01,0.05,0,0.02,0,0,0.08
2016-12,34.32,11.8,12.36,3.24,4.55,2.66,2.61,0,3.34,3.95,2.56,0,2.15,0,1.86,1.75,1.32,1.59,1.77,0.17,0.04,0.68,0.34,0.19,0,0.64,0.4,0.34,0.33,0.72,0.27,0.37,0.13,0.58,0.05,0,0.1,0.11,0.15,0.28,0.18,0.28,0.3,0.21,0.39,0,0.1,0.02,0.08,0.06,0.08,0.13,0.04,0.06,0.01,0.12,0,0,0,0.01,0.05,0,0.01,0,0,0.13
2017-01,34.41,11.84,11.08,3.26,4.37,3.08,2.79,0,2.98,3.88,2.59,0,2.1,0,1.77,1.82,1.23,1.61,2.09,0.17,0.04,0.95,0.35,0.18,0,0.65,0.4,0.35,0.35,0.78,0.3,0.37,0.11,0.6,0.06,0.03,0.1,0.21,0.16,0.33,0.2,0.37,0.29,0.21,0.35,0,0.12,0.04,0.13,0.1,0.09,0.16,0.04,0.08,0.02,0.12,0,0,0.01,0.01,0.05,0,0.01,0,0,0.18
2017-02,33.81,11.63,10.36,3.64,4.13,3.49,2.99,0,2.9,4.11,2.46,0,2.04,0.1,1.77,1.86,1.33,1.5,2.39,0.2,0.04,0.95,0.33,0.18,0,0.7,0.36,0.32,0.35,0.85,0.3,0.43,0.09,0.53,0.06,0.04,0.11,0.29,0.17,0.35,0.19,0.37,0.31,0.19,0.37,0,0.14,0.13,0.14,0.11,0.09,0.16,0.04,0.1,0.03,0.12,0,0.02,0.01,0.02,0.05,0.01,0.01,0,0,0.22
2017-03,33.73,11.57,10.41,3.83,3.74,3.72,3,0,2.85,4.11,2.41,0,1.97,0.16,1.74,1.86,1.35,1.5,2.55,0.22,0.04,0.94,0.31,0.19,0,0.71,0.38,0.31,0.36,0.83,0.33,0.42,0.09,0.5,0.05,0.04,0.12,0.28,0.17,0.35,0.2,0.38,0.31,0.2,0.35,0,0.13,0.16,0.13,0.12,0.09,0.16,0.04,0.11,0.05,0.11,0,0.02,0.01,0.01,0.05,0.01,0.01,0,0,0.26
2017-04,33.45,12.92,9.73,4,3.31,3.94,3.08,0,2.57,3.97,2.35,0,1.89,0.35,1.67,1.86,1.38,1.47,2.56,0.24,0.05,1.05,0.27,0.17,0,0.66,0.36,0.34,0.37,0.73,0.34,0.4,0.08,0.59,0.04,0.05,0.12,0.25,0.17,0.31,0.25,0.43,0.29,0.19,0.28,0,0.12,0.15,0.13,0.11,0.08,0.2,0.04,0.13,0.05,0.1,0,0.03,0.01,0.01,0.05,0.01,0.01,0,0,0.26
2017-05,33.77,11.97,9.43,4.44,3.34,4.43,3.34,0,2.45,3.92,2.24,0,1.81,0.64,1.59,1.9,1.34,1.34,2.7,0.24,0.05,1.03,0.28,0.17,0,0.7,0.33,0.34,0.35,0.74,0.34,0.4,0.07,0.57,0.04,0.05,0.12,0.24,0.18,0.3,0.26,0.39,0.29,0.17,0.26,0,0.11,0.14,0.14,0.1,0.09,0.19,0.03,0.13,0.06,0.09,0,0.03,0.02,0.01,0.04,0.01,0.01,0,0,0.26
2017-06,33.39,11.54,9.46,4.9,3.19,4.76,3.41,0,2.42,3.99,2.18,0,1.77,0.94,1.54,1.89,1.32,1.31,2.74,0.22,0.05,0.96,0.26,0.15,0,0.73,0.32,0.32,0.36,0.74,0.35,0.42,0.06,0.49,0.04,0.08,0.13,0.23,0.19,0.31,0.25,0.37,0.29,0.17,0.26,0,0.11,0.16,0.16,0.11,0.08,0.17,0.03,0.13,0.07,0.09,0,0.04,0.02,0.01,0.04,0.01,0.01,0,0,0.27
2017-07,33.6,11.17,9.65,5.31,3.06,4.88,3.53,0,2.23,4.01,2.18,0,1.72,1.21,1.47,1.88,1.37,1.3,2.62,0.21,0.05,0.85,0.25,0.14,0,0.71,0.3,0.29,0.37,0.67,0.35,0.42,0.05,0.4,0.05,0.09,0.13,0.28,0.18,0.28,0.22,0.38,0.28,0.16,0.23,0,0.1,0.15,0.2,0.11,0.08,0.14,0.03,0.11,0.07,0.08,0,0.05,0.02,0.01,0.04,0.01,0.01,0,0,0.26
2017-08,33.58,12.01,8.97,5.55,2.8,4.94,3.65,0,2.07,3.92,2.24,0,1.66,1.47,1.43,1.77,1.48,1.35,2.53,0.23,0.05,0.8,0.24,0.14,0,0.7,0.31,0.28,0.4,0.61,0.38,0.41,0.05,0.37,0.04,0.11,0.12,0.27,0.18,0.27,0.22,0.36,0.27,0.17,0.2,0,0.09,0.14,0.18,0.1,0.07,0.13,0.03,0.11,0.07,0.07,0,0.04,0.02,0.01,0.05,0.01,0.01,0,0,0.26
2017-09,34.32,11.77,9.39,5.4,2.62,4.98,3.65,0,1.97,3.77,2.26,0,1.7,1.55,1.43,1.78,1.45,1.35,2.3,0.23,0.06,0.79,0.23,0.13,0.01,0.62,0.3,0.27,0.42,0.54,0.4,0.37,0.05,0.37,0.04,0.11,0.13,0.26,0.16,0.25,0.23,0.37,0.24,0.16,0.18,0,0.09,0.14,0.22,0.09,0.07,0.13,0.03,0.11,0.07,0.07,0,0.04,0.02,0.01,0.04,0.01,0.01,0,0,0.26
2017-10,32.96,11.53,9.68,6.12,2.71,5.55,3.86,0,1.96,3.73,2.01,0,1.61,1.91,1.32,1.73,1.59,1.04,2.36,0.32,0.07,0.84,0.22,0.13,0.03,0.64,0.23,0.28,0.32,0.51,0.33,0.38,0.06,0.39,0.03,0.12,0.12,0.26,0.18,0.24,0.27,0.4,0.24,0.12,0.17,0,0.1,0.15,0.18,0.09,0.07,0.13,0.02,0.13,0.09,0.07,0,0.04,0.02,0.01,0.04,0.01,0.01,0,0,0.26
2017-11,32.36,11.16,9.75,6.62,2.54,5.58,3.88,0,2.06,3.87,1.97,0,1.59,2.17,1.31,1.65,1.83,0.99,2.31,0.33,0.09,0.86,0.19,0.13,0.04,0.68,0.22,0.26,0.32,0.54,0.34,0.4,0.06,0.35,0.02,0.14,0.11,0.25,0.17,0.27,0.26,0.36,0.25,0.12,0.19,0,0.11,0.17,0.14,0.1,0.06,0.13,0.02,0.12,0.11,0.08,0,0.05,0.02,0.01,0.03,0.01,0.01,0,0,0.27
2017-12,32.12,10.62,10.08,7.01,2.65,5.59,3.83,0,2.11,3.9,1.93,0,1.55,2.37,1.27,1.63,1.89,0.95,2.3,0.27,0.1,0.85,0.18,0.13,0.06,0.69,0.21,0.25,0.31,0.54,0.34,0.41,0.06,0.3,0.02,0.15,0.11,0.21,0.17,0.28,0.24,0.32,0.26,0.11,0.19,0,0.12,0.18,0.15,0.1,0.06,0.11,0.02,0.11,0.12,0.08,0,0.05,0.02,0.01,0.03,0.01,0.01,0,0,0.28
2018-01,32.08,10.82,9.98,7.05,2.75,5.66,3.93,0,2.09,3.72,1.95,0,1.54,2.58,1.23,1.57,1.89,0.96,2.22,0.21,0.1,0.81,0.15,0.14,0.07,0.7,0.21,0.24,0.32,0.52,0.35,0.39,0.06,0.26,0.02,0.17,0.11,0.21,0.16,0.28,0.23,0.27,0.25,0.11,0.18,0,0.11,0.18,0.14,0.1,0.05,0.1,0.02,0.1,0.13,0.08,0,0.05,0.03,0.01,0.03,0.01,0.01,0,0,0.27
2018-02,32.32,11.14,9.79,7.61,2.22,5.94,4.12,0,1.78,3.63,1.89,0,1.46,2.79,1.14,1.66,1.82,0.91,2.14,0.17,0.11,0.79,0.15,0.13,0.07,0.66,0.2,0.24,0.3,0.46,0.33,0.4,0.05,0.26,0.02,0.15,0.1,0.23,0.16,0.25,0.24,0.27,0.25,0.1,0.16,0,0.1,0.16,0.18,0.11,0.06,0.09,0.01,0.11,0.11,0.07,0,0.06,0.02,0.01,0.03,0.01,0.01,0,0,0.27
2018-03,31.23,11.09,11.32,7.64,2.12,5.92,4.21,0,1.85,3.56,1.68,0,1.37,3.03,1.11,1.58,1.88,0.68,2.17,0.18,0.11,0.77,0.15,0.14,0.07,0.7,0.14,0.23,0.23,0.48,0.25,0.39,0.05,0.24,0.02,0.17,0.1,0.28,0.16,0.26,0.24,0.26,0.24,0.07,0.16,0,0.1,0.17,0.18,0.12,0.05,0.09,0.01,0.11,0.12,0.07,0,0.07,0.02,0.01,0.02,0.01,0.01,0,0,0.28
2018-04,30.15,10.59,10.56,9.35,2.23,6.76,4.69,0,1.84,3.35,1.5,0,1.3,3.34,1.01,1.55,1.81,0.48,2.24,0.19,0.13,0.67,0.14,0.15,0.14,0.72,0.1,0.22,0.16,0.47,0.19,0.34,0.06,0.16,0.02,0.22,0.1,0.28,0.18,0.27,0.22,0.17,0.25,0.06,0.15,0.01,0.1,0.19,0.19,0.13,0.05,0.06,0.01,0.07,0.13,0.07,0,0.08,0.03,0.02,0.01,0,0.01,0,0,0.34
2018-05,29.11,10.32,9.66,10.7,1.89,7.13,5.05,0,1.86,3.4,1.35,0,1.19,3.78,0.95,1.42,1.97,0.36,2.31,0.2,0.14,0.81,0.1,0.14,0.19,0.79,0.07,0.2,0.11,0.48,0.14,0.35,0.06,0.15,0.02,0.29,0.1,0.28,0.18,0.3,0.25,0.18,0.25,0.04,0.15,0.01,0.13,0.2,0.15,0.14,0.04,0.05,0,0.07,0.14,0.08,0,0.08,0.03,0.02,0.01,0,0.01,0,0,0.38
2018-06,29.71,10.79,8.96,10.69,1.74,6.97,5.62,0,1.58,3.14,1.47,0,1.14,3.89,0.94,1.26,1.97,0.45,2.14,0.19,0.15,0.88,0.08,0.15,0.2,0.73,0.08,0.2,0.14,0.42,0.17,0.33,0.05,0.15,0.01,0.32,0.1,0.37,0.18,0.27,0.26,0.18,0.24,0.05,0.12,0.01,0.14,0.17,0.1,0.13,0.03,0.05,0.01,0.07,0.13,0.07,0,0.09,0.03,0.02,0.01,0,0,0,0,0.45
2018-07,29.79,11.19,8.21,11.27,1.59,7.23,5.67,0,1.39,2.95,1.5,0,1.11,4.23,0.91,1.27,1.89,0.51,2.07,0.19,0.15,0.87,0.07,0.12,0.2,0.7,0.09,0.19,0.16,0.39,0.2,0.29,0.05,0.15,0.01,0.31,0.09,0.34,0.18,0.26,0.28,0.19,0.22,0.05,0.11,0.01,0.13,0.16,0.09,0.12,0.03,0.05,0.01,0.07,0.12,0.07,0,0.08,0.03,0.02,0.01,0,0,0,0,0.37
2018-08,30.63,13.14,7.34,10.57,1.49,6.89,5.54,0,1.17,2.65,1.61,0,1.17,4.1,0.99,1.32,1.73,0.73,1.79,0.32,0.14,0.86,0.06,0.13,0.19,0.6,0.13,0.19,0.23,0.33,0.28,0.24,0.04,0.17,0.01,0.26,0.09,0.31,0.14,0.22,0.38,0.24,0.19,0.07,0.1,0,0.12,0.13,0.06,0.11,0.03,0.06,0.01,0.08,0.1,0.06,0,0.08,0.03,0.01,0.02,0,0,0,0,0.32
2018-09,30.57,12.51,6.28,11.11,1.47,7.49,5.82,0,1.19,2.68,1.41,0,1.11,4.52,0.93,1.37,1.81,0.53,1.78,0.47,0.15,0.94,0.05,0.13,0.19,0.61,0.08,0.18,0.16,0.33,0.21,0.25,0.05,0.19,0.01,0.27,0.08,0.32,0.12,0.23,0.5,0.29,0.19,0.05,0.1,0,0.13,0.14,0.06,0.11,0.03,0.07,0.01,0.09,0.1,0.06,0,0.09,0.03,0.01,0.01,0,0,0,0,0.32
2018-10,30.25,12.79,6.56,11.2,1.56,7.29,5.76,0,1.21,2.62,1.46,0,1.08,4.77,0.93,1.36,1.81,0.59,1.65,0.48,0.15,0.89,0.05,0.16,0.19,0.58,0.1,0.17,0.17,0.3,0.24,0.23,0.05,0.17,0.01,0.29,0.08,0.28,0.11,0.22,0.44,0.25,0.17,0.05,0.09,0,0.12,0.14,0.06,0.11,0.03,0.05,0.01,0.07,0.1,0.05,0,0.09,0.03,0.01,0.01,0,0,0,0,0.32
2018-11,29.18,13.1,7.07,12.16,1.61,7.31,5.09,0,1.33,2.75,1.41,0,0.69,5.94,0.87,1.02,1.89,0.58,1.49,0.39,0.13,0.92,0.05,0.18,0.23,0.58,0.1,0.15,0.08,0.3,0.13,0.23,0.06,0.14,0.01,0.34,0.06,0.25,0.1,0.22,0.32,0.18,0.14,0.04,0.09,0,0.11,0.16,0.05,0.1,0.02,0.03,0,0.05,0.11,0.05,0,0.09,0.01,0.01,0.01,0,0,0,0,0.29
2018-12,30.77,12.71,5.9,12.51,1.48,8.15,5.79,0,1.18,2.49,1.38,0,0.66,5.58,0.85,0.98,1.78,0.71,1.22,0.56,0.12,0.81,0.04,0.13,0.21,0.49,0.11,0.13,0.07,0.24,0.14,0.2,0.05,0.11,0,0.29,0.05,0.23,0.09,0.19,0.28,0.14,0.12,0.04,0.08,0,0.09,0.13,0.04,0.08,0.02,0.02,0,0.04,0.1,0.04,0,0.06,0.01,0.01,0,0,0,0,0,0.25
2019-01,32.08,13.8,5.96,11.79,1.45,7.73,6.07,0,1.06,2.24,1.48,0,0.63,5.31,0.86,0.88,1.57,0.82,1.07,0.54,0.11,0.7,0.04,0.11,0.2,0.44,0.13,0.13,0.07,0.2,0.15,0.17,0.05,0.07,0,0.28,0.05,0.24,0.08,0.16,0.18,0.08,0.1,0.04,0.07,0,0.07,0.12,0.04,0.07,0.01,0.01,0,0.02,0.09,0.04,0,0.07,0.01,0,0,0,0,0,0,0.24
2019-02,31.02,14.09,6.4,12.09,1.52,7.83,6.35,0,1.03,2.19,1.35,0,0.59,5.56,0.82,0.84,1.6,0.66,1.05,0.58,0.11,0.66,0.03,0.13,0.2,0.43,0.1,0.11,0.05,0.2,0.13,0.16,0.05,0.05,0,0.29,0.04,0.28,0.08,0.16,0.12,0.04,0.09,0.04,0.06,0,0.07,0.11,0.03,0.07,0.01,0.01,0,0.01,0.08,0.04,0,0.11,0.02,0,0,0,0,0,0,0.24
2019-03,31.4,13.23,5.71,11.62,1.48,8.06,6.97,0,0.88,2.01,1.35,0.04,0.98,4.93,0.78,1.37,1.5,0.69,1.27,0.65,0.13,0.66,0.03,0.12,0.19,0.45,0.11,0.12,0.21,0.2,0.31,0.15,0.04,0.05,0.01,0.27,0.07,0.28,0.09,0.16,0.16,0.06,0.12,0.05,0.06,0,0.09,0.1,0.04,0.09,0.02,0.01,0,0.02,0.07,0.04,0,0.12,0.04,0.01,0.02,0,0,0,0,0.3
2019-04,32.24,14.06,5.73,10.88,1.35,7.77,7.28,0,0.74,1.85,1.42,0.05,1.01,4.68,0.79,1.4,1.34,0.82,1.15,0.62,0.12,0.59,0.04,0.13,0.16,0.38,0.13,0.12,0.25,0.16,0.38,0.13,0.04,0.04,0.01,0.25,0.07,0.28,0.09,0.14,0.14,0.05,0.11,0.06,0.05,0,0.07,0.08,0.05,0.08,0.02,0.01,0,0.02,0.06,0.03,0,0.13,0.04,0,0.02,0,0,0,0,0.28
2019-05,31.15,13.75,6.14,11.61,1.35,8.04,7.41,0,0.72,1.79,1.31,0.06,0.99,5.08,0.73,1.48,1.32,0.68,1.16,0.66,0.12,0.58,0.03,0.2,0.17,0.38,0.1,0.11,0.21,0.16,0.32,0.13,0.03,0.04,0.01,0.25,0.06,0.21,0.09,0.13,0.12,0.04,0.11,0.05,0.05,0,0.07,0.07,0.05,0.08,0.02,0.01,0,0.01,0.05,0.03,0,0.13,0.04,0,0.01,0,0,0,0,0.28
2019-06,31.9,12.74,6.89,11.27,1.35,7.42,7.86,0,0.69,1.75,1.37,0.06,0.9,5.13,0.68,1.33,1.36,0.87,1.1,0.64,0.13,0.58,0.03,0.19,0.17,0.36,0.12,0.11,0.26,0.15,0.39,0.12,0.03,0.03,0.01,0.27,0.07,0.26,0.08,0.13,0.09,0.02,0.1,0.06,0.04,0,0.07,0.07,0.04,0.08,0.01,0.01,0,0.01,0.05,0.03,0,0.17,0.04,0,0.02,0,0,0,0,0.28
2019-07,30.25,12.72,7.48,11.8,1.32,7.75,7.94,0,0.64,1.66,1.21,0.07,0.8,5.83,0.6,1.31,1.34,0.78,1.2,0.63,0.13,0.55,0.03,0.21,0.18,0.35,0.1,0.1,0.23,0.14,0.35,0.12,0.03,0.03,0.19,0.25,0.06,0.26,0.09,0.12,0.08,0.02,0.1,0.05,0.04,0,0.06,0.07,0.05,0.08,0.01,0.01,0,0.01,0.05,0.03,0,0.13,0.04,0,0.02,0,0,0,0,0.29
2019-08,31.39,12.86,4.62,12.55,1.25,8.19,7.7,0.12,0.58,1.56,1.25,0.48,0.79,5.89,0.58,1.32,1.29,0.79,1.07,0.64,0.14,0.51,0.03,0.18,0.24,0.32,0.1,0.1,0.23,0.12,0.35,0.11,0.03,0.02,0.36,0.22,0.06,0.28,0.09,0.11,0.09,0.02,0.09,0.05,0.03,0,0.06,0.07,0.04,0.07,0.01,0,0,0.01,0.05,0.03,0,0.06,0.04,0,0.02,0,0,0,0.4,0.35
2019-09,30.59,12.97,4.05,12.41,1.18,8.05,8.81,0.18,0.53,1.42,1.19,0.84,0.73,6.03,0.52,1.24,1.2,0.78,1.07,0.72,0.16,0.48,0.02,0.19,0.24,0.3,0.1,0.09,0.22,0.11,0.34,0.1,0.03,0.02,0.81,0.23,0.05,0.24,0.09,0.1,0.08,0.02,0.09,0.04,0.03,0,0.05,0.06,0.03,0.07,0.01,0,0,0.01,0.04,0.03,0,0.07,0.03,0,0.01,0,0,0,0.51,0.37
2019-10,30.22,12.86,4,11.64,1.09,7.31,8.64,0.19,0.48,1.24,1.13,0.98,0.69,5.85,0.47,1.1,1.04,0.78,0.91,0.73,0.17,0.43,0.01,3.5,0.22,0.25,0.1,0.08,0.23,0.09,0.34,0.09,0.02,0.01,0.92,0.21,0.05,0.22,0.08,0.09,0.07,0.01,0.07,0.04,0.02,0,0.05,0.05,0.03,0.06,0.01,0,0,0.01,0.03,0.02,0,0.05,0.03,0,0.01,0,0,0,0.56,0.36
2019-11,30.39,12.11,4.21,12.69,1.16,8.27,8.89,0.15,0.45,1.3,1.16,1.48,0.73,6.61,0.48,1.18,1.12,0.83,0.87,0.82,0.19,0.41,0.01,0.17,0.27,0.26,0.1,0.08,0.26,0.09,0.38,0.08,0.02,0.01,0.98,0.22,0.06,0.24,0.07,0.09,0.06,0.01,0.07,0.04,0.02,0.02,0.06,0.05,0.02,0.06,0.01,0,0,0,0.03,0.02,0.03,0.04,0.04,0,0.02,0,0,0,0.11,0.36
2019-12,30.72,12.69,3.61,12.32,1.12,8.23,9.47,0.16,0.36,1.2,1.18,1.67,0.72,6.46,0.48,1.15,1.06,0.86,0.79,0.84,0.23,0.36,0.01,0.16,0.29,0.23,0.1,0.07,0.29,0.08,0.39,0.07,0.02,0.01,1.06,0.2,0.07,0.23,0.08,0.08,0.06,0.01,0.07,0.04,0.02,0.03,0.05,0.04,0.02,0.05,0.01,0,0,0,0.03,0.02,0.04,0.04,0.03,0,0.02,0,0,0,0,0.31
2020-01,30.68,13.42,2.76,12.57,1.05,8.32,9.81,0.16,0.31,1.13,1.2,1.78,0.75,6.21,0.47,1.14,0.98,0.88,0.72,0.92,0.28,0.3,0.01,0.15,0.32,0.2,0.11,0.07,0.32,0.06,0.41,0.06,0.01,0.01,0.96,0.17,0.07,0.2,0.09,0.07,0.06,0.01,0.06,0.04,0.02,0.04,0.04,0.03,0.02,0.05,0.01,0,0,0,0.02,0.02,0.03,0.04,0.03,0,0.02,0,0,0,0,0.29
2020-02,30.23,15.03,2.62,11.96,0.94,8.3,10.55,0.22,0.25,1.01,1.16,1.77,0.79,5.92,0.48,1.14,0.87,0.85,0.68,0.91,0.3,0.25,0.01,0.16,0.3,0.17,0.13,0.07,0.32,0.05,0.4,0.05,0.01,0.01,0.79,0.15,0.08,0.16,0.09,0.05,0.05,0.01,0.05,0.04,0.01,0.05,0.03,0.03,0.02,0.05,0.01,0,0,0,0.02,0.01,0.03,0.03,0.04,0,0.01,0,0,0,0,0.28
2020-03,30.02,15.27,2.67,12.11,0.85,8.47,10.35,0.22,0.25,0.98,1.1,1.9,0.77,6.09,0.46,1.11,0.86,0.77,0.65,0.93,0.33,0.25,0.01,0.17,0.33,0.16,0.14,0.07,0.28,0.05,0.36,0.05,0.01,0.01,0.64,0.16,0.08,0.16,0.09,0.05,0.06,0.01,0.05,0.04,0.01,0.05,0.03,0.03,0.02,0.04,0.01,0,0,0,0.02,0.01,0.03,0.03,0.05,0,0.01,0,0,0,0,0.28
2020-04,29.69,16.71,2.11,12.07,0.85,8.62,10.17,0.21,0.21,0.97,1.08,1.89,0.84,6.06,0.49,1.23,0.81,0.73,0.62,0.95,0.29,0.21,0.01,0.15,0.27,0.14,0.13,0.06,0.27,0.04,0.35,0.05,0.01,0.01,0.53,0.12,0.07,0.11,0.1,0.05,0.05,0.01,0.04,0.04,0.01,0.05,0.03,0.02,0.02,0.04,0.01,0,0,0,0.01,0.01,0.02,0.01,0.05,0,0.01,0,0,0,0,0.26
2020-05,28.52,16.67,2.41,12.8,0.86,9.12,9.61,0.22,0.21,1,0.96,2.05,0.81,6.41,0.49,1.28,0.82,0.58,0.64,0.97,0.3,0.22,0.01,0.16,0.27,0.15,0.12,0.06,0.22,0.04,0.28,0.05,0.01,0.01,0.54,0.12,0.06,0.1,0.09,0.05,0.06,0.01,0.05,0.03,0.01,0.05,0.03,0.02,0.02,0.04,0.01,0,0,0,0.01,0.01,0.02,0.02,0.05,0,0.01,0,0,0,0,0.27
2020-06,29.52,16.52,2.26,12.6,0.83,8.75,9.78,0.18,0.21,0.96,1.01,2.01,0.82,6.33,0.48,1.22,0.78,0.67,0.57,0.92,0.31,0.21,0.01,0.15,0.29,0.14,0.18,0.06,0.26,0.04,0.31,0.04,0.01,0.01,0.46,0.13,0.07,0.09,0.09,0.04,0.05,0.01,0.04,0.03,0.01,0.05,0.03,0.02,0.02,0.04,0.01,0,0,0,0.01,0.01,0.02,0.02,0.05,0,0.01,0,0,0,0,0.24
2020-07,29.72,16.26,2.15,12.95,0.81,8.5,9.74,0.18,0.21,0.94,1.02,2.09,0.76,6.61,0.44,1.13,0.78,0.7,0.54,0.91,0.31,0.2,0.01,0.17,0.31,0.13,0.17,0.06,0.28,0.04,0.32,0.04,0.01,0.01,0.45,0.14,0.07,0.08,0.08,0.04,0.05,0.01,0.04,0.03,0.01,0.05,0.03,0.02,0.01,0.04,0.01,0,0,0,0.01,0.01,0.02,0.02,0.05,0,0.01,0,0,0,0,0.23
2020-08,30.11,16.56,2.07,12.89,0.78,8.33,9.91,0.18,0.19,0.9,1.01,2.15,0.75,6.38,0.44,1.11,0.72,0.72,0.5,0.89,0.33,0.18,0.01,0.16,0.31,0.12,0.14,0.05,0.29,0.03,0.33,0.03,0.01,0.01,0.44,0.13,0.07,0.07,0.08,0.04,0.04,0.01,0.04,0.03,0.01,0.05,0.02,0.02,0.01,0.04,0,0,0,0,0.01,0.01,0.02,0.02,0.04,0,0.01,0,0,0,0,0.21
2020-09,29.5,15.85,1.9,13.61,0.79,8.69,9.9,0.18,0.17,0.85,0.93,2.62,0.72,6.53,0.4,1.05,0.73,0.62,0.48,0.98,0.48,0.17,0.01,0.17,0.39,0.11,0.09,0.05,0.27,0.03,0.3,0.03,0.01,0.01,0.4,0.16,0.07,0.09,0.07,0.04,0.04,0.01,0.04,0.02,0.01,0.05,0.02,0.01,0.01,0.03,0,0,0,0,0.01,0.01,0.02,0.02,0.04,0,0.01,0.02,0,0,0,0.2
2020-10,29.59,16.17,2.3,14.13,0.76,8.78,9.96,0.19,0.16,0.85,0.92,2.91,0.72,4.93,0.39,1.05,0.72,0.61,0.46,0.98,0.55,0.16,0.01,0.18,0.41,0.1,0.09,0.05,0.26,0.03,0.29,0.03,0.01,0.01,0.33,0.16,0.07,0.09,0.07,0.03,0.04,0.01,0.03,0.02,0.01,0.05,0.02,0.01,0.01,0.01,0,0,0,0,0.01,0.01,0.02,0.02,0.04,0,0.01,0.02,0,0,0,0.19
2020-11,30.07,17.15,4.18,14.62,0.77,9.17,10.28,0.26,0.16,0.82,0.9,3.25,0.76,0,0.4,1.07,0.72,0.53,0.41,0.98,0.65,0.17,0.01,0.2,0.47,0.1,0.08,0.04,0.22,0.03,0.25,0.03,0.01,0.01,0.26,0.17,0.06,0.11,0.07,0.03,0.04,0.01,0.03,0.02,0.01,0.04,0.02,0.01,0.01,0,0,0,0,0,0.01,0.01,0.02,0.02,0.05,0,0.01,0.02,0,0,0,0.18
2020-12,27.59,15.58,2.03,14.87,0.73,9.13,9.36,7.29,0.17,0.77,0.78,3.92,0.67,0,0.34,0.97,0.71,0.39,0.39,1,0.64,0.19,0.01,0.19,0.6,0.1,0.05,0.04,0.16,0.03,0.18,0.03,0.01,0,0.11,0.2,0.04,0.09,0.06,0.03,0.04,0.01,0.03,0.02,0.01,0.04,0.02,0.01,0.01,0,0,0,0,0,0.01,0.01,0.07,0.02,0.04,0,0.01,0.03,0,0,0,0.15
2021-01,27.2,16.35,1.96,14.79,0.7,9.16,9.18,7.43,0.16,0.73,0.75,4.01,0.68,0,0.34,0.96,0.68,0.37,0.38,1.01,0.63,0.2,0,0.19,0.6,0.09,0.04,0.04,0.15,0.02,0.17,0.02,0.01,0,0.04,0.2,0.04,0.08,0.06,0.03,0.03,0.01,0.03,0.02,0.01,0.04,0.01,0.01,0.01,0,0,0,0,0,0.01,0.01,0.09,0.02,0.05,0,0.01,0.03,0,0,0,0.14
2021-02,26.22,16.32,2.31,15.14,0.7,9.25,9.26,7.59,0.16,0.7,0.68,4.25,0.67,0,0.32,0.94,0.68,0.31,0.39,1.02,0.66,0.2,0.01,0.19,0.6,0.09,0.03,0.03,0.13,0.02,0.14,0.02,0.01,0,0.04,0.19,0.04,0.08,0.05,0.03,0.03,0.01,0.03,0.01,0.01,0.04,0.01,0.01,0.01,0,0,0,0,0,0.01,0.01,0.1,0.02,0.05,0,0,0.03,0,0,0,0.13
2021-03,25.66,16.85,2.44,15.16,0.69,9.53,8.6,7.84,0.16,0.68,0.63,4.4,0.68,0,0.34,0.97,0.68,0.25,0.37,1.04,0.66,0.21,0.01,0.2,0.62,0.09,0.02,0.03,0.11,0.02,0.11,0.02,0.01,0,0.03,0.2,0.03,0.08,0.05,0.03,0.03,0.01,0.03,0.01,0.01,0.04,0.01,0.01,0.01,0,0,0,0,0,0.01,0.01,0.12,0.01,0.05,0,0,0.02,0,0,0,0.13
2021-04,25.66,16.51,3.18,15.16,0.68,9.44,8.6,7.8,0.15,0.72,0.62,4.37,0.64,0,0.31,0.91,0.66,0.24,0.38,1.09,0.61,0.2,0.01,0.22,0.59,0.08,0.02,0.03,0.1,0.02,0.1,0.02,0.01,0,0.03,0.19,0.03,0.06,0.05,0.03,0.03,0.01,0.03,0.01,0.01,0.04,0.01,0.01,0.01,0,0,0,0,0,0.01,0.01,0.12,0.01,0.05,0,0,0.03,0,0,0,0.12
2021-05,25.4,16.14,4.36,15.17,0.68,9.26,8.39,7.78,0.14,0.72,0.59,4.34,0.6,0,0.29,0.85,0.65,0.27,0.36,1.12,0.59,0.2,0.01,0.23,0.59,0.08,0.03,0.03,0.11,0.02,0.12,0.02,0.01,0,0.02,0.19,0.03,0.06,0.05,0.03,0.02,0,0.02,0.01,0.01,0.04,0.01,0.01,0.01,0,0,0,0,0,0.01,0.01,0.13,0.01,0.04,0,0,0.03,0,0,0,0.11
2021-06,24.55,16.34,4.22,15.46,0.68,9.55,8.06,8.1,0.14,0.7,0.54,4.63,0.56,0,0.29,0.84,0.68,0.24,0.36,1.16,0.62,0.2,0,0.21,0.62,0.07,0.02,0.03,0.1,0.02,0.11,0.02,0.01,0,0.01,0.2,0.03,0.06,0.04,0.03,0.02,0,0.03,0.01,0.01,0.04,0.01,0.01,0.01,0,0,0,0,0,0.01,0.01,0.15,0.01,0.04,0,0,0.03,0,0,0,0.11
2021-07,24.32,16.49,4.33,15.74,0.67,9.55,7.78,8.1,0.13,0.67,0.52,4.81,0.53,0,0.27,0.81,0.68,0.23,0.34,1.12,0.67,0.19,0,0.2,0.66,0.07,0.02,0.03,0.09,0.02,0.1,0.02,0,0,0.02,0.21,0.03,0.06,0.04,0.02,0.02,0,0.02,0.01,0,0.04,0.01,0.01,0.01,0,0,0,0,0,0.01,0.01,0.16,0.01,0.04,0,0,0.03,0,0,0,0.1
2021-08,24.34,16.05,3.01,16.43,0.63,9.76,7.5,8.74,0.1,0.62,0.51,5.19,0.52,0,0.25,0.77,0.63,0.2,0.3,1.2,0.89,0.16,0,0.23,0.76,0.07,0.02,0.02,0.09,0.01,0.09,0.01,0,0,0.01,0.3,0.03,0.05,0.04,0.02,0.02,0,0.02,0.01,0,0.03,0.01,0.01,0.01,0,0,0,0,0,0,0.01,0.15,0.01,0.04,0,0,0.03,0,0,0,0.09
2021-09,23.99,15.9,3,16.63,0.6,9.89,7.65,8.88,0.1,0.6,0.48,5.28,0.5,0,0.23,0.73,0.61,0.2,0.29,1.2,0.9,0.16,0,0.25,0.75,0.06,0.02,0.02,0.09,0.01,0.09,0.01,0,0,0.01,0.29,0.03,0.04,0.04,0.02,0.02,0,0.02,0.01,0,0.04,0.01,0.01,0,0,0,0,0,0,0,0,0.15,0.01,0.04,0,0,0.03,0,0,0,0.09
2021-10,23.45,16.04,3.15,16.7,0.58,9.73,7.65,8.66,0.09,0.56,0.47,5.91,0.49,0,0.22,0.69,0.61,0.2,0.28,1.18,0.92,0.14,0,0.26,0.72,0.06,0.02,0.02,0.08,0.01,0.09,0.01,0,0,0.01,0.27,0.02,0.03,0.04,0.02,0.01,0,0.23,0.01,0,0.03,0.01,0.01,0,0,0,0,0,0,0,0,0.14,0.01,0.04,0,0,0.03,0,0,0,0.08
2021-11,23.51,16.21,3.86,16.67,0.56,9.72,7.56,8.63,0.08,0.51,0.45,5.31,0.49,0,0.21,0.68,0.6,0.18,0.26,1.22,1,0.14,0,0.23,0.77,0.05,0.02,0.02,0.08,0.01,0.08,0.01,0,0,0.01,0.28,0.02,0.03,0.03,0.01,0.01,0,0.09,0.01,0,0.03,0.01,0,0,0,0,0,0,0,0,0,0.15,0.01,0.04,0,0,0.03,0,0,0,0.08
2021-12,23.44,17.1,3.93,16.84,0.55,9.6,7.15,8.36,0.08,0.5,0.44,5.26,0.49,0,0.21,0.67,0.59,0.2,0.24,1.24,0.97,0.13,0,0.24,0.72,0.05,0.02,0.02,0.08,0.01,0.08,0.01,0,0,0,0.26,0.02,0.03,0.03,0.01,0.01,0,0.03,0.01,0,0.03,0.01,0,0,0,0,0,0,0,0,0,0.14,0.01,0.04,0,0,0.03,0,0,0,0.07
2022-01,23.43,17.73,3.18,16.82,0.52,9.55,6.68,8.73,0.06,0.5,0.42,5.62,0.53,0,0.19,0.62,0.57,0.23,0.23,1.41,0.91,0.12,0,0.29,0.7,0.05,0.01,0.02,0.08,0.01,0.08,0.01,0,0,0,0.23,0.02,0.02,0.03,0.01,0.01,0,0.02,0.01,0,0.05,0,0,0,0,0,0,0,0,0,0,0.12,0,0.04,0,0,0.03,0,0,0,0.08
2022-02,23.68,17.9,3.26,16.61,0.51,9.45,6.61,8.59,0.06,0.5,0.42,5.68,0.55,0,0.17,0.59,0.55,0.21,0.22,1.39,0.94,0.11,0,0.27,0.77,0.04,0.01,0.02,0.07,0.01,0.07,0.01,0,0,0,0.27,0.02,0.02,0.03,0.01,0.01,0,0.02,0.01,0,0.06,0,0,0,0,0,0,0,0,0,0,0.12,0.01,0.04,0,0,0.03,0,0,0,0.08
2022-03,24.39,17.78,3.24,16.66,0.47,9.21,6.92,8.22,0.05,0.46,0.43,5.52,0.54,0,0.18,0.57,0.52,0.28,0.2,1.35,0.92,0.11,0,0.26,0.75,0.04,0.02,0.02,0.1,0.01,0.09,0.01,0,0,0,0.25,0.03,0.01,0.03,0.01,0.01,0,0.01,0.01,0,0.05,0,0,0,0,0,0,0,0,0,0,0.11,0.01,0.03,0,0,0.04,0,0,0,0.08
2022-04,23.61,18,3.62,16.78,0.49,9.49,6.31,8.49,0.05,0.44,0.38,5.73,0.55,0,0.18,0.58,0.52,0.2,0.19,1.4,0.96,0.1,0,0.28,0.73,0.04,0.01,0.02,0.07,0.01,0.07,0.01,0,0,0,0.25,0.02,0.01,0.03,0.01,0.01,0,0.01,0,0,0.06,0,0,0,0,0,0,0,0,0,0,0.11,0,0.03,0,0,0.03,0,0,0,0.08
2022-05,24.95,17.91,3.06,17.5,0.46,9.02,6.57,7.77,0.04,0.42,0.43,5.37,0.52,0,0.16,0.51,0.49,0.36,0.16,1.34,0.91,0.08,0,0.25,0.72,0.03,0.02,0.02,0.12,0.01,0.11,0.01,0,0,0,0.23,0.03,0.01,0.03,0.01,0.01,0,0.01,0.01,0,0.05,0,0,0,0,0,0,0,0,0,0,0.1,0,0.03,0,0,0.05,0,0,0,0.08
2022-06,24.89,17.41,2.81,18.11,0.43,9.34,6.27,7.99,0.03,0.39,0.41,5.53,0.48,0,0.13,0.46,0.48,0.38,0.15,1.32,0.93,0.08,0,0.24,0.75,0.03,0.02,0.02,0.13,0,0.11,0.01,0,0,0,0.22,0.03,0.01,0.03,0.01,0.01,0,0.01,0.01,0,0.05,0,0,0,0,0,0,0,0,0,0,0.11,0,0.03,0,0,0.06,0,0,0,0.08
2022-07,24.05,17.92,3.66,17.81,0.4,8.97,7.13,7.9,0.03,0.36,0.39,5.31,0.39,0,0.11,0.39,0.46,0.38,0.18,1.28,0.89,0.07,0,0.23,0.73,0.02,0.02,0.02,0.13,0,0.11,0,0,0,0,0.2,0.03,0.01,0.03,0,0.01,0,0.01,0.01,0,0.06,0,0,0,0,0,0,0,0,0,0,0.1,0,0.03,0,0,0.06,0,0,0,0.08
2022-08,25.69,17.18,3.39,18.2,0.4,8.74,6.64,7.59,0.03,0.35,0.44,5.19,0.38,0,0.11,0.38,0.47,0.41,0.13,1.33,0.92,0.06,0,0.24,0.74,0.02,0.02,0.02,0.14,0,0.12,0,0,0,0,0.2,0.03,0.01,0.03,0.01,0.01,0,0.01,0.01,0,0.06,0,0,0,0,0,0,0,0,0,0,0.1,0,0.03,0,0,0.06,0,0,0,0.08
2022-09,25.34,16.49,2.96,18.54,0.4,9.02,6.25,8.15,0.03,0.33,0.41,5.56,0.35,0,0.1,0.36,0.47,0.38,0.12,1.39,1.05,0.06,0,0.22,0.85,0.02,0.02,0.02,0.16,0,0.11,0,0,0,0,0.23,0.04,0.01,0.02,0.01,0.01,0,0.01,0.01,0,0.07,0,0,0,0,0,0,0,0,0,0,0.1,0,0.03,0,0,0.12,0,0.01,0,0.14
2022-10,25.01,16.06,3.06,18.32,0.37,9.68,5.87,8.45,0.03,0.31,0.35,5.72,0.35,0,0.09,0.34,0.46,0.37,0.12,1.44,1.14,0.05,0,0.23,0.89,0.02,0.01,0.02,0.18,0,0.1,0,0,0,0,0.23,0.04,0.01,0.02,0,0.01,0,0.01,0.01,0,0.08,0,0,0,0,0,0,0,0,0,0,0.1,0,0.03,0,0,0.18,0,0.03,0,0.19
2022-11,25.22,15.92,2.95,18.02,0.38,10.66,5.24,8.53,0.03,0.29,0.31,5.81,0.3,0,0.07,0.29,0.46,0.32,0.11,1.42,1.21,0.05,0,0.21,0.92,0.02,0.01,0.02,0.16,0,0.09,0,0,0,0,0.24,0.04,0.01,0.02,0,0.01,0,0.02,0,0,0.07,0,0,0,0,0,0,0,0,0,0,0.1,0,0.03,0,0,0.16,0,0.09,0,0.17
2022-12,23.33,16.39,4.91,16.23,0.37,10.48,5.74,9.12,0.03,0.28,0.26,6.16,0.27,0,0.06,0.28,0.49,0.17,0.15,1.57,1.27,0.04,0,0.35,0.93,0.02,0.01,0.03,0.09,0,0.05,0,0,0,0,0.25,0.02,0.01,0.03,0,0.01,0,0.01,0,0,0.12,0,0,0,0,0,0,0,0,0,0,0.11,0,0.02,0,0,0.1,0,0.08,0,0.14
2023-01,22.95,15.94,3.92,16.95,0.4,10.79,4.74,9.81,0.04,0.28,0.26,6.94,0.28,0,0.06,0.28,0.58,0.15,0.13,1.71,1.35,0.05,0,0.29,1.02,0.02,0.01,0.02,0.08,0,0.04,0,0,0,0,0.27,0.02,0.01,0.02,0,0.01,0,0.01,0,0,0.09,0,0,0,0,0,0,0,0,0,0,0.12,0,0.02,0,0,0.09,0,0.08,0,0.13
2023-02,22.25,17.15,4.67,16.19,0.39,10.82,4.93,9.76,0.03,0.26,0.24,6.69,0.25,0,0.06,0.26,0.58,0.12,0.15,1.68,1.27,0.04,0,0.25,0.97,0.02,0,0.02,0.06,0,0.03,0,0,0,0,0.25,0.02,0.01,0.02,0,0,0,0.01,0,0,0.1,0,0,0,0,0,0,0,0,0,0,0.11,0,0.02,0,0,0.07,0,0.09,0,0.12
2023-03,22.56,18.35,4.24,16.09,0.39,10.82,4.38,9.59,0.03,0.26,0.24,6.62,0.25,0,0.06,0.27,0.59,0.1,0.13,1.69,1.19,0.04,0,0.29,0.9,0.02,0,0.02,0.05,0,0.03,0,0,0,0,0.24,0.02,0.01,0.01,0,0.01,0,0.01,0,0,0.1,0,0,0,0,0,0,0,0,0,0,0.1,0,0.02,0,0,0.06,0,0.1,0,0.11
2023-04,22.22,20.49,4.42,15.3,0.38,10.6,4.06,9.3,0.03,0.27,0.23,6.35,0.25,0,0.06,0.28,0.58,0.09,0.12,1.61,1.2,0.04,0,0.33,0.9,0.02,0,0.02,0.04,0,0.03,0,0,0,0,0.24,0.01,0.01,0.01,0,0,0,0.01,0,0,0.09,0,0,0,0,0,0,0,0,0,0,0.1,0,0.02,0,0,0.05,0,0.1,0,0.11
2023-05,21.91,21.69,5.93,14.07,0.36,10.69,3.91,8.99,0.03,0.25,0.22,5.9,0.26,0,0.06,0.24,0.52,0.06,0.11,1.44,1.17,0.04,0,0.38,0.86,0.01,0,0.02,0.03,0,0.02,0,0,0,0,0.25,0.01,0.01,0.01,0,0,0,0,0,0,0.12,0,0,0,0,0,0,0,0,0,0,0.09,0,0.02,0,0,0.04,0,0.13,0,0.11
2023-06,20.25,20.54,8.46,13.82,0.33,10.75,4.09,9.4,0.02,0.23,0.2,5.99,0.24,0,0.06,0.22,0.49,0.04,0.12,1.49,1.08,0.04,0,0.34,0.81,0.01,0,0.02,0.02,0,0.01,0,0,0,0,0.23,0.01,0.01,0.01,0,0,0,0,0,0,0.19,0,0,0,0,0,0,0,0,0,0,0.08,0,0.02,0,0,0.03,0,0.2,0,0.12
2023-07,19.37,19.43,9.29,14.45,0.31,9.71,4.29,9.73,0.03,0.24,0.19,6.42,0.26,0,0.06,0.23,0.59,0.05,0.13,1.75,1.21,0.05,0,0.39,0.91,0.01,0,0.02,0.03,0,0.01,0,0,0,0,0.24,0.01,0.01,0.01,0,0,0,0,0,0,0.21,0,0,0,0,0,0,0,0,0,0,0.09,0,0.01,0,0,0.03,0,0.1,0,0.13
2023-08,19.25,19.43,9.9,14.3,0.3,9.44,4.41,9.59,0.02,0.23,0.19,6.3,0.26,0,0.05,0.21,0.6,0.05,0.12,1.81,1.23,0.04,0,0.43,0.93,0.01,0,0.02,0.02,0,0.01,0,0,0,0,0.24,0.01,0.01,0.01,0,0,0,0,0,0,0.21,0,0,0,0,0,0,0,0,0,0,0.09,0,0.01,0,0,0.03,0,0.09,0,0.12
2023-09,19.29,20.81,10.8,13.74,0.29,8.92,4.14,9.1,0.02,0.23,0.19,5.96,0.29,0,0.07,0.27,0.59,0.04,0.11,1.73,1.17,0.04,0,0.47,0.88,0.01,0,0.02,0.02,0,0.01,0,0,0,0,0.22,0.01,0.01,0.01,0,0,0,0,0,0,0.22,0,0,0,0,0,0,0,0,0,0,0.08,0,0.01,0,0,0.03,0,0.06,0,0.12
2023-10,19.63,20.68,9.82,13.73,0.28,9.16,3.8,9.26,0.02,0.22,0.2,6.03,0.3,0,0.07,0.29,0.61,0.04,0.1,1.76,1.4,0.04,0,0.64,0.99,0.01,0,0.02,0.02,0,0.01,0,0,0,0,0.25,0.01,0.01,0.01,0,0,0,0,0,0,0.26,0,0,0,0,0,0,0,0,0,0,0.09,0,0.01,0,0,0.03,0,0.07,0,0.11
2023-11,19.81,20.23,9.43,14.11,0.27,9.22,3.6,9.32,0.02,0.21,0.19,6.18,0.31,0,0.06,0.3,0.64,0.04,0.09,1.76,1.58,0.04,0,0.47,1.08,0.01,0,0.02,0.02,0,0.01,0,0,0,0,0.28,0.01,0,0.01,0,0,0,0,0,0,0.32,0,0,0,0,0,0,0,0,0,0,0.09,0,0.01,0,0,0.04,0,0.08,0,0.11
2023-12,19.61,19.38,9.26,14.82,0.27,9.16,3.59,9.54,0.02,0.21,0.18,6.43,0.31,0,0.06,0.27,0.7,0.05,0.09,1.91,1.53,0.04,0,0.48,1.04,0.01,0,0.02,0.02,0,0.01,0,0,0,0,0.28,0.01,0,0.01,0,0,0,0,0,0,0.32,0,0,0,0,0,0,0,0,0,0,0.08,0,0.01,0,0,0.04,0,0.08,0,0.12
2024-01,18.78,20.6,9.96,14.46,0.26,8.97,3.85,9.19,0.02,0.21,0.16,6.12,0.27,0,0.05,0.28,0.69,0.04,0.1,1.83,1.47,0.04,0,0.54,1.02,0.01,0,0.03,0.02,0,0.01,0,0,0,0,0.28,0.01,0,0.01,0,0,0,0,0,0,0.36,0,0,0,0,0,0,0,0,0,0,0.07,0,0.01,0,0,0.04,0,0.08,0,0.12
2024-02,19.02,20.55,10.32,14.24,0.26,9.15,3.62,9.09,0.01,0.21,0.16,6.15,0.29,0,0.05,0.26,0.7,0.04,0.1,1.69,1.45,0.04,0,0.49,0.99,0.01,0,0.03,0.02,0,0.01,0,0,0,0,0.27,0.01,0,0.01,0,0,0,0,0,0,0.4,0,0,0,0,0,0,0,0,0,0,0.07,0,0.01,0,0,0.04,0,0.1,0,0.11
2024-03,19.47,20.8,10.16,14.23,0.27,9.33,3.45,9.04,0.01,0.21,0.15,5.88,0.29,0,0.05,0.24,0.73,0.03,0.1,1.66,1.34,0.04,0,0.55,0.92,0.01,0,0.03,0.01,0,0.01,0,0,0,0,0.27,0.01,0,0.01,0,0,0,0,0,0,0.4,0,0,0,0,0,0,0,0,0,0,0.06,0,0.01,0,0,0.03,0,0.11,0,0.1
2024-04,19.05,19.94,10.41,14.2,0.25,9.21,3.69,9.09,0.01,0.21,0.15,5.91,0.33,0,0.05,0.24,0.77,0.03,0.1,1.72,1.6,0.04,0,0.57,1.1,0.01,0,0.03,0.02,0,0.01,0,0,0,0,0.31,0.01,0,0.01,0,0,0,0,0,0,0.58,0,0,0,0,0,0,0,0,0,0,0.07,0,0.01,0,0,0.03,0,0.09,0,0.12
2024-05,18.9,19.69,9.53,14.3,0.25,9.44,3.68,9.55,0.01,0.2,0.14,6.05,0.35,0,0.05,0.22,0.86,0.02,0.09,1.82,1.71,0.04,0,0.51,1.16,0.01,0,0.04,0.01,0,0.01,0,0,0,0,0.34,0.01,0,0.01,0,0,0,0,0,0,0.66,0,0,0,0,0,0,0,0,0,0,0.07,0,0.01,0,0,0.02,0,0.08,0,0.13
2024-06,18.35,19.38,9.11,14.79,0.23,9.17,3.86,9.73,0.01,0.21,0.14,6.23,0.33,0,0.05,0.23,0.99,0.02,0.09,1.97,1.83,0.05,0,0.5,1.24,0.01,0,0.04,0.01,0,0.01,0,0,0,0,0.35,0.01,0,0.01,0,0,0,0,0,0,0.75,0,0,0,0,0,0,0,0,0,0,0.07,0,0.01,0,0,0.02,0,0.05,0,0.13
2024-07,18.16,19.81,9.76,14.64,0.22,9.02,4.09,9.39,0.01,0.19,0.14,5.9,0.33,0,0.05,0.21,1,0.02,0.09,1.95,1.75,0.04,0,0.54,1.19,0.01,0,0.05,0.01,0,0.01,0,0,0,0,0.32,0,0,0.01,0,0,0,0,0,0,0.77,0,0,0,0,0,0,0,0,0,0,0.07,0,0.01,0,0,0.02,0,0.06,0,0.12
2024-08,18.57,19.21,8.45,15.24,0.21,8.79,4.17,9.72,0.01,0.19,0.14,6.12,0.3,0,0.05,0.2,1.19,0.02,0.09,2.15,1.82,0.05,0,0.51,1.21,0.01,0,0.05,0.01,0,0.01,0,0,0,0,0.33,0.01,0,0.01,0,0,0,0,0,0,0.86,0,0,0,0,0,0,0,0,0,0,0.04,0,0.01,0,0,0.03,0,0.05,0,0.15
2024-09,17.82,18.23,8.24,14.84,0.19,9.18,3.56,10.88,0.01,0.18,0.13,6.87,0.27,0,0.05,0.2,1.31,0.02,0.08,2.33,2.02,0.05,0,0.46,1.28,0.01,0,0.05,0.01,0,0.01,0,0,0,0,0.34,0.01,0,0.02,0,0,0,0,0,0,1.07,0,0,0,0,0,0,0,0,0,0,0,0,0.01,0,0,0.02,0,0.05,0,0.19
2024-10,17.43,17.66,8.83,14.08,0.17,9.19,3.32,10.75,0.01,0.17,0.12,7.17,0.25,0,0.04,0.18,1.3,0.03,0.07,2.13,2.77,0.04,0,0.66,1.78,0,0,0.06,0.02,0,0.01,0,0,0,0,0.42,0.01,0,0.02,0,0,0,0,0,0,1.02,0,0,0,0,0,0,0,0,0,0,0,0,0.01,0,0,0.03,0,0.04,0,0.19
2024-11,17.52,16.98,8.05,14.45,0.16,9.74,2.91,11.2,0.01,0.15,0.11,7.52,0.23,0,0.04,0.18,1.5,0.02,0.06,2.22,2.93,0.05,0,0.58,1.64,0,0,0.05,0.01,0,0.01,0,0,0,0,0.41,0.01,0,0.02,0,0,0,0,0,0,0.94,0,0,0,0,0,0,0,0,0,0,0,0,0.01,0,0,0.02,0,0.04,0,0.2
2024-12,17.67,17.75,7.94,14.66,0.16,9.46,2.99,10.85,0.01,0.15,0.1,7.3,0.22,0,0.04,0.18,1.51,0.02,0.06,2.22,2.79,0.05,0,0.55,1.58,0,0,0.06,0.01,0,0.01,0,0,0,0,0.39,0,0,0.02,0,0,0,0,0,0,0.98,0,0,0,0,0,0,0,0,0,0,0,0,0.01,0,0,0.02,0,0.03,0,0.2
